Tote Colour,Loop,Suffix,Number,code
Blue,Module,C0501,STA005,C0501STA005
Blue,Module,C0502,ACH023,C0502ACH023
Blue,Module,C0502,ACH025,C0502ACH025
Blue,Module,C0502,ACH033,C0502ACH033
Blue,Module,C0502,ACH043,C0502ACH043
Blue,Module,C0502,ACL027,C0502ACL027
Blue,Module,C0502,ACL028,C0502ACL028
Blue,Module,C0502,ACL035,C0502ACL035
Blue,Module,C0502,ACL045,C0502ACL045
Blue,Module,C0502,RD031,C0502RD031
Blue,Module,C0502,RDC029,C0502RDC029
Blue,Module,C0502,RDC036,C0502RDC036
Blue,Module,C0502,RDC038,C0502RDC038
Blue,Module,C0502,RDC040,C0502RDC040
Blue,Module,C0502,RDC042,C0502RDC042
Blue,Module,C0502,RDC046,C0502RDC046
Blue,Module,C0502,RDC048,C0502RDC048
Blue,Module,C0502,RDC050,C0502RDC050
Blue,Module,C0502,STA024,C0502STA024
Blue,Module,C0502,STA026,C0502STA026
Blue,Module,C0502,STA030,C0502STA030
Blue,Module,C0502,STA032,C0502STA032
Blue,Module,C0502,STA034,C0502STA034
Blue,Module,C0502,STA039,C0502STA039
Blue,Module,C0502,STA041,C0502STA041
Blue,Module,C0502,STA044,C0502STA044
Blue,Module,C0502,STA049,C0502STA049
Blue,Module,C0502,STA051,C0502STA051
Blue,Module,C0503,ACH186,C0503ACH186
Blue,Module,C0503,BCH109,C0503BCH109
Blue,Module,C0503,BCH121,C0503BCH121
Blue,Module,C0503,BCL108,C0503BCL108
Blue,Module,C0503,RDC010,C0503RDC010
Blue,Module,C0503,RDC104,C0503RDC104
Blue,Module,C0503,RDC107,C0503RDC107
Blue,Module,C0503,RDC110,C0503RDC110
Blue,Module,C0503,STA105,C0503STA105
Blue,Module,C0504,ACH123,C0504ACH123
Blue,Module,C0504,ACH125,C0504ACH125
Blue,Module,C0504,ACH133,C0504ACH133
Blue,Module,C0504,ACH143,C0504ACH143
Blue,Module,C0504,ACL127,C0504ACL127
Blue,Module,C0504,ACL128,C0504ACL128
Blue,Module,C0504,ACL135,C0504ACL135
Blue,Module,C0504,ACL145,C0504ACL145
Blue,Module,C0504,ACL210,C0504ACL210
Blue,Module,C0504,BCL204,C0504BCL204
Blue,Module,C0504,RD0131,C0504RD0131
Blue,Module,C0504,RDC129,C0504RDC129
Blue,Module,C0504,RDC136,C0504RDC136
Blue,Module,C0504,RDC138,C0504RDC138
Blue,Module,C0504,RDC140,C0504RDC140
Blue,Module,C0504,RDC142,C0504RDC142
Blue,Module,C0504,RDC146,C0504RDC146
Blue,Module,C0504,RDC148,C0504RDC148
Blue,Module,C0504,RDC150,C0504RDC150
Blue,Module,C0504,RDC202,C0504RDC202
Blue,Module,C0504,RDC205,C0504RDC205
Blue,Module,C0504,RDC209,C0504RDC209
Blue,Module,C0504,RDC211,C0504RDC211
Blue,Module,C0504,RDC212,C0504RDC212
Blue,Module,C0504,RDC214,C0504RDC214
Blue,Module,C0504,STA124,C0504STA124
Blue,Module,C0504,STA126,C0504STA126
Blue,Module,C0504,STA130,C0504STA130
Blue,Module,C0504,STA132,C0504STA132
Blue,Module,C0504,STA139,C0504STA139
Blue,Module,C0504,STA141,C0504STA141
Blue,Module,C0504,STA144,C0504STA144
Blue,Module,C0504,STA149,C0504STA149
Blue,Module,C0504,STA151,C0504STA151
Blue,Module,C0504,STA201,C0504STA201
Blue,Module,C0504,STA203,C0504STA203
Blue,Module,C0504,STA208,C0504STA208
Blue,Module,C0504,STA213,C0504STA213
Blue,Module,C0601,ACH086,C0601ACH086
Blue,Module,C0601,BCH009,C0601BCH009
Blue,Module,C0601,BCH021,C0601BCH021
Blue,Module,C0601,BCL008,C0601BCL008
Blue,Module,C0601,RDC003,C0601RDC003
Blue,Module,C0601,RDC004,C0601RDC004
Blue,Module,C0601,RDC007,C0601RDC007
Blue,Module,C0601,STA005,C0601STA005
Blue,Module,C0602,ACH023,C0602ACH023
Blue,Module,C0602,ACH025,C0602ACH025
Blue,Module,C0602,ACH033,C0602ACH033
Blue,Module,C0602,ACH043,C0602ACH043
Blue,Module,C0602,ACL027,C0602ACL027
Blue,Module,C0602,ACL028,C0602ACL028
Blue,Module,C0602,ACL035,C0602ACL035
Blue,Module,C0602,ACL045,C0602ACL045
Blue,Module,C0602,RD031,C0602RD031
Blue,Module,C0602,RDC029,C0602RDC029
Blue,Module,C0602,RDC036,C0602RDC036
Blue,Module,C0602,RDC038,C0602RDC038
Blue,Module,C0602,RDC040,C0602RDC040
Blue,Module,C0602,RDC042,C0602RDC042
Blue,Module,C0602,RDC046,C0602RDC046
Blue,Module,C0602,RDC048,C0602RDC048
Blue,Module,C0602,RDC050,C0602RDC050
Blue,Module,C0602,STA024,C0602STA024
Blue,Module,C0602,STA026,C0602STA026
Blue,Module,C0602,STA030,C0602STA030
Blue,Module,C0602,STA032,C0602STA032
Blue,Module,C0602,STA034,C0602STA034
Blue,Module,C0602,STA039,C0602STA039
Blue,Module,C0602,STA041,C0602STA041
Blue,Module,C0602,STA044,C0602STA044
Blue,Module,C0602,STA049,C0602STA049
Blue,Module,C0602,STA051,C0602STA051
Blue,Module,C0603,ACH186,C0603ACH186
Blue,Module,C0603,BCH109,C0603BCH109
Blue,Module,C0603,BCH121,C0603BCH121
Blue,Module,C0603,BCL108,C0603BCL108
Blue,Module,C0603,RDC010,C0603RDC010
Blue,Module,C0603,RDC104,C0603RDC104
Blue,Module,C0603,RDC107,C0603RDC107
Blue,Module,C0603,RDC110,C0603RDC110
Blue,Module,C0603,STA105,C0603STA105
Blue,Module,C0604,ACH123,C0604ACH123
Blue,Module,C0604,ACH125,C0604ACH125
Blue,Module,C0604,ACH133,C0604ACH133
Blue,Module,C0604,ACH143,C0604ACH143
Blue,Module,C0604,ACL127,C0604ACL127
Blue,Module,C0604,ACL128,C0604ACL128
Blue,Module,C0604,ACL135,C0604ACL135
Blue,Module,C0604,ACL145,C0604ACL145
Blue,Module,C0604,ACL210,C0604ACL210
Blue,Module,C0604,BCL204,C0604BCL204
Blue,Module,C0604,RD0131,C0604RD0131
Blue,Module,C0604,RDC129,C0604RDC129
Blue,Module,C0604,RDC136,C0604RDC136
Blue,Module,C0604,RDC138,C0604RDC138
Blue,Module,C0604,RDC140,C0604RDC140
Blue,Module,C0604,RDC142,C0604RDC142
Blue,Module,C0604,RDC146,C0604RDC146
Blue,Module,C0604,RDC148,C0604RDC148
Blue,Module,C0604,RDC150,C0604RDC150
Blue,Module,C0604,RDC202,C0604RDC202
Blue,Module,C0604,RDC205,C0604RDC205
Blue,Module,C0604,RDC209,C0604RDC209
Blue,Module,C0604,RDC211,C0604RDC211
Blue,Module,C0604,RDC212,C0604RDC212
Blue,Module,C0604,RDC214,C0604RDC214
Blue,Module,C0604,STA124,C0604STA124
Blue,Module,C0604,STA126,C0604STA126
Blue,Module,C0604,STA130,C0604STA130
Blue,Module,C0604,STA132,C0604STA132
Blue,Module,C0604,STA139,C0604STA139
Blue,Module,C0604,STA141,C0604STA141
Blue,Module,C0604,STA144,C0604STA144
Blue,Module,C0604,STA149,C0604STA149
Blue,Module,C0604,STA151,C0604STA151
Blue,Module,C0604,STA201,C0604STA201
Blue,Module,C0604,STA203,C0604STA203
Blue,Module,C0604,STA208,C0604STA208
Blue,Module,C0604,STA213,C0604STA213
Blue,Module,C0701,ACH086,C0701ACH086
Blue,Module,C0701,BCH009,C0701BCH009
Blue,Module,C0701,BCH021,C0701BCH021
Blue,Module,C0701,BCL008,C0701BCL008
Blue,Module,C0701,RDC003,C0701RDC003
Blue,Module,C0701,RDC004,C0701RDC004
Blue,Module,C0701,RDC007,C0701RDC007
Blue,Module,C0701,STA005,C0701STA005
Blue,Module,C0702,ACH023,C0702ACH023
Blue,Module,C0702,ACH025,C0702ACH025
Blue,Module,C0702,ACH033,C0702ACH033
Blue,Module,C0702,ACH043,C0702ACH043
Blue,Module,C0702,ACL027,C0702ACL027
Blue,Module,C0702,ACL028,C0702ACL028
Blue,Module,C0702,ACL035,C0702ACL035
Blue,Module,C0702,ACL045,C0702ACL045
Blue,Module,C0702,RD031,C0702RD031
Blue,Module,C0702,RDC029,C0702RDC029
Blue,Module,C0702,RDC036,C0702RDC036
Blue,Module,C0702,RDC038,C0702RDC038
Blue,Module,C0702,RDC040,C0702RDC040
Blue,Module,C0702,RDC042,C0702RDC042
Blue,Module,C0702,RDC046,C0702RDC046
Blue,Module,C0702,RDC048,C0702RDC048
Blue,Module,C0702,RDC050,C0702RDC050
Blue,Module,C0702,STA024,C0702STA024
Blue,Module,C0702,STA026,C0702STA026
Blue,Module,C0702,STA030,C0702STA030
Blue,Module,C0702,STA032,C0702STA032
Blue,Module,C0702,STA034,C0702STA034
Blue,Module,C0702,STA039,C0702STA039
Blue,Module,C0702,STA041,C0702STA041
Blue,Module,C0702,STA044,C0702STA044
Blue,Module,C0702,STA049,C0702STA049
Blue,Module,C0702,STA051,C0702STA051
Blue,Module,C0703,ACH186,C0703ACH186
Blue,Module,C0703,BCH109,C0703BCH109
Blue,Module,C0703,BCH121,C0703BCH121
Blue,Module,C0703,BCL108,C0703BCL108
Blue,Module,C0703,RDC010,C0703RDC010
Blue,Module,C0703,RDC104,C0703RDC104
Blue,Module,C0703,RDC107,C0703RDC107
Blue,Module,C0703,RDC110,C0703RDC110
Blue,Module,C0703,STA105,C0703STA105
Blue,Module,C0704,ACH123,C0704ACH123
Blue,Module,C0704,ACH125,C0704ACH125
Blue,Module,C0704,ACH133,C0704ACH133
Blue,Module,C0704,ACH143,C0704ACH143
Blue,Module,C0704,ACL127,C0704ACL127
Blue,Module,C0704,ACL128,C0704ACL128
Blue,Module,C0704,ACL135,C0704ACL135
Blue,Module,C0704,ACL145,C0704ACL145
Blue,Module,C0704,BCL204,C0704BCL204
Blue,Module,C0704,RD0131,C0704RD0131
Blue,Module,C0704,RDC129,C0704RDC129
Blue,Module,C0704,RDC136,C0704RDC136
Blue,Module,C0704,RDC138,C0704RDC138
Blue,Module,C0704,RDC140,C0704RDC140
Blue,Module,C0704,RDC142,C0704RDC142
Blue,Module,C0704,RDC146,C0704RDC146
Blue,Module,C0704,RDC148,C0704RDC148
Blue,Module,C0704,RDC150,C0704RDC150
Blue,Module,C0704,RDC202,C0704RDC202
Blue,Module,C0704,RDC205,C0704RDC205
Blue,Module,C0704,RDC209,C0704RDC209
Blue,Module,C0704,RDC211,C0704RDC211
Blue,Module,C0704,RDC212,C0704RDC212
Blue,Module,C0704,RDC214,C0704RDC214
Blue,Module,C0704,STA124,C0704STA124
Blue,Module,C0704,STA126,C0704STA126
Blue,Module,C0704,STA130,C0704STA130
Blue,Module,C0704,STA132,C0704STA132
Blue,Module,C0704,STA139,C0704STA139
Blue,Module,C0704,STA141,C0704STA141
Blue,Module,C0704,STA144,C0704STA144
Blue,Module,C0704,STA149,C0704STA149
Blue,Module,C0704,STA151,C0704STA151
Blue,Module,C0704,STA203,C0704STA203
Blue,Module,C0704,STA208,C0704STA208
Blue,Module,C0704,STA213,C0704STA213
Blue,Module,C0801,ACH086,C0801ACH086
Blue,Module,C0801,BCH009,C0801BCH009
Blue,Module,C0801,BCH021,C0801BCH021
Blue,Module,C0801,BCL008,C0801BCL008
Blue,Module,C0801,RDC003,C0801RDC003
Blue,Module,C0801,RDC004,C0801RDC004
Blue,Module,C0801,RDC007,C0801RDC007
Blue,Module,C0801,STA005,C0801STA005
Blue,Module,C0802,ACH023,C0802ACH023
Blue,Module,C0802,ACH025,C0802ACH025
Blue,Module,C0802,ACH033,C0802ACH033
Blue,Module,C0802,ACH043,C0802ACH043
Blue,Module,C0802,ACL027,C0802ACL027
Blue,Module,C0802,ACL028,C0802ACL028
Blue,Module,C0802,ACL035,C0802ACL035
Blue,Module,C0802,ACL045,C0802ACL045
Blue,Module,C0802,RD031,C0802RD031
Blue,Module,C0802,RDC029,C0802RDC029
Blue,Module,C0802,RDC036,C0802RDC036
Blue,Module,C0802,RDC038,C0802RDC038
Blue,Module,C0802,RDC040,C0802RDC040
Blue,Module,C0802,RDC042,C0802RDC042
Blue,Module,C0802,RDC046,C0802RDC046
Blue,Module,C0802,RDC048,C0802RDC048
Blue,Module,C0802,RDC050,C0802RDC050
Blue,Module,C0802,STA024,C0802STA024
Blue,Module,C0802,STA026,C0802STA026
Blue,Module,C0802,STA030,C0802STA030
Blue,Module,C0802,STA032,C0802STA032
Blue,Module,C0802,STA034,C0802STA034
Blue,Module,C0802,STA039,C0802STA039
Blue,Module,C0802,STA041,C0802STA041
Blue,Module,C0802,STA044,C0802STA044
Blue,Module,C0802,STA049,C0802STA049
Blue,Module,C0802,STA051,C0802STA051
Blue,Module,C0803,ACH186,C0803ACH186
Blue,Module,C0803,BCH109,C0803BCH109
Blue,Module,C0803,BCH121,C0803BCH121
Blue,Module,C0803,BCL108,C0803BCL108
Blue,Module,C0803,RDC010,C0803RDC010
Blue,Module,C0803,RDC104,C0803RDC104
Blue,Module,C0803,RDC107,C0803RDC107
Blue,Module,C0803,RDC110,C0803RDC110
Blue,Module,C0803,STA105,C0803STA105
Blue,Module,C0804,ACH123,C0804ACH123
Blue,Module,C0804,ACH125,C0804ACH125
Blue,Module,C0804,ACH133,C0804ACH133
Blue,Module,C0804,ACH143,C0804ACH143
Blue,Module,C0804,ACL127,C0804ACL127
Blue,Module,C0804,ACL128,C0804ACL128
Blue,Module,C0804,ACL135,C0804ACL135
Blue,Module,C0804,ACL145,C0804ACL145
Blue,Module,C0804,ACL210,C0804ACL210
Blue,Module,C0804,BCL204,C0804BCL204
Blue,Module,C0804,RD0131,C0804RD0131
Blue,Module,C0804,RDC129,C0804RDC129
Blue,Module,C0804,RDC136,C0804RDC136
Blue,Module,C0804,RDC138,C0804RDC138
Blue,Module,C0804,RDC140,C0804RDC140
Blue,Module,C0804,RDC142,C0804RDC142
Blue,Module,C0804,RDC146,C0804RDC146
Blue,Module,C0804,RDC148,C0804RDC148
Blue,Module,C0804,RDC150,C0804RDC150
Blue,Module,C0804,RDC202,C0804RDC202
Blue,Module,C0804,RDC205,C0804RDC205
Blue,Module,C0804,RDC209,C0804RDC209
Blue,Module,C0804,RDC211,C0804RDC211
Blue,Module,C0804,RDC212,C0804RDC212
Blue,Module,C0804,RDC214,C0804RDC214
Blue,Module,C0804,STA124,C0804STA124
Blue,Module,C0804,STA126,C0804STA126
Blue,Module,C0804,STA130,C0804STA130
Blue,Module,C0804,STA132,C0804STA132
Blue,Module,C0804,STA139,C0804STA139
Blue,Module,C0804,STA141,C0804STA141
Blue,Module,C0804,STA144,C0804STA144
Blue,Module,C0804,STA149,C0804STA149
Blue,Module,C0804,STA151,C0804STA151
Blue,Module,C0804,STA201,C0804STA201
Blue,Module,C0804,STA203,C0804STA203
Blue,Module,C0804,STA208,C0804STA208
Blue,Module,C0804,STA213,C0804STA213
Blue,Module,C0901,ACH086,C0901ACH086
Blue,Module,C0901,BCH009,C0901BCH009
Blue,Module,C0901,BCH021,C0901BCH021
Blue,Module,C0901,BCL008,C0901BCL008
Blue,Module,C0901,RDC003,C0901RDC003
Blue,Module,C0901,RDC004,C0901RDC004
Blue,Module,C0901,RDC007,C0901RDC007
Blue,Module,C0901,STA005,C0901STA005
Blue,Module,C0902,ACH023,C0902ACH023
Blue,Module,C0902,ACH025,C0902ACH025
Blue,Module,C0902,ACH033,C0902ACH033
Blue,Module,C0902,ACH043,C0902ACH043
Blue,Module,C0902,ACL027,C0902ACL027
Blue,Module,C0902,ACL028,C0902ACL028
Blue,Module,C0902,ACL035,C0902ACL035
Blue,Module,C0902,ACL045,C0902ACL045
Blue,Module,C0902,RD031,C0902RD031
Blue,Module,C0902,RDC029,C0902RDC029
Blue,Module,C0902,RDC036,C0902RDC036
Blue,Module,C0902,RDC038,C0902RDC038
Blue,Module,C0902,RDC040,C0902RDC040
Blue,Module,C0902,RDC042,C0902RDC042
Blue,Module,C0902,RDC046,C0902RDC046
Blue,Module,C0902,RDC048,C0902RDC048
Blue,Module,C0902,RDC050,C0902RDC050
Blue,Module,C0902,STA024,C0902STA024
Blue,Module,C0902,STA026,C0902STA026
Blue,Module,C0902,STA030,C0902STA030
Blue,Module,C0902,STA032,C0902STA032
Blue,Module,C0902,STA034,C0902STA034
Blue,Module,C0902,STA039,C0902STA039
Blue,Module,C0902,STA041,C0902STA041
Blue,Module,C0902,STA044,C0902STA044
Blue,Module,C0902,STA049,C0902STA049
Blue,Module,C0902,STA051,C0902STA051
Blue,Module,C0903,ACH186,C0903ACH186
Blue,Module,C0903,BCH109,C0903BCH109
Blue,Module,C0903,BCH121,C0903BCH121
Blue,Module,C0903,BCL108,C0903BCL108
Blue,Module,C0903,RDC010,C0903RDC010
Blue,Module,C0903,RDC104,C0903RDC104
Blue,Module,C0903,RDC107,C0903RDC107
Blue,Module,C0903,RDC110,C0903RDC110
Blue,Module,C0903,STA105,C0903STA105
Blue,Module,C0904,ACH123,C0904ACH123
Blue,Module,C0904,ACH125,C0904ACH125
Blue,Module,C0904,ACH133,C0904ACH133
Blue,Module,C0904,ACH143,C0904ACH143
Blue,Module,C0904,ACL127,C0904ACL127
Blue,Module,C0904,ACL128,C0904ACL128
Blue,Module,C0904,ACL135,C0904ACL135
Blue,Module,C0904,ACL145,C0904ACL145
Blue,Module,C0904,ACL210,C0904ACL210
Blue,Module,C0904,BCL204,C0904BCL204
Blue,Module,C0904,RD0131,C0904RD0131
Blue,Module,C0904,RDC129,C0904RDC129
Blue,Module,C0904,RDC136,C0904RDC136
Blue,Module,C0904,RDC138,C0904RDC138
Blue,Module,C0904,RDC140,C0904RDC140
Blue,Module,C0904,RDC142,C0904RDC142
Blue,Module,C0904,RDC146,C0904RDC146
Blue,Module,C0904,RDC148,C0904RDC148
Blue,Module,C0904,RDC150,C0904RDC150
Blue,Module,C0904,RDC202,C0904RDC202
Blue,Module,C0904,RDC205,C0904RDC205
Blue,Module,C0904,RDC209,C0904RDC209
Blue,Module,C0904,RDC211,C0904RDC211
Blue,Module,C0904,RDC212,C0904RDC212
Blue,Module,C0904,RDC214,C0904RDC214
Blue,Module,C0904,STA124,C0904STA124
Blue,Module,C0904,STA126,C0904STA126
Blue,Module,C0904,STA130,C0904STA130
Blue,Module,C0904,STA132,C0904STA132
Blue,Module,C0904,STA139,C0904STA139
Blue,Module,C0904,STA141,C0904STA141
Blue,Module,C0904,STA144,C0904STA144
Blue,Module,C0904,STA149,C0904STA149
Blue,Module,C0904,STA151,C0904STA151
Blue,Module,C0904,STA201,C0904STA201
Blue,Module,C0904,STA203,C0904STA203
Blue,Module,C0904,STA208,C0904STA208
Blue,Module,C0904,STA213,C0904STA213
Blue,Module,C1001,ACH086,C1001ACH086
Blue,Module,C1001,BCH009,C1001BCH009
Blue,Module,C1001,BCH021,C1001BCH021
Blue,Module,C1001,BCL008,C1001BCL008
Blue,Module,C1001,RDC003,C1001RDC003
Blue,Module,C1001,RDC004,C1001RDC004
Blue,Module,C1001,RDC007,C1001RDC007
Blue,Module,C1001,STA005,C1001STA005
Blue,Module,C1002,ACH023,C1002ACH023
Blue,Module,C1002,ACH025,C1002ACH025
Blue,Module,C1002,ACH033,C1002ACH033
Blue,Module,C1002,ACH043,C1002ACH043
Blue,Module,C1002,ACL027,C1002ACL027
Blue,Module,C1002,ACL028,C1002ACL028
Blue,Module,C1002,ACL035,C1002ACL035
Blue,Module,C1002,ACL045,C1002ACL045
Blue,Module,C1002,RD031,C1002RD031
Blue,Module,C1002,RDC029,C1002RDC029
Blue,Module,C1002,RDC036,C1002RDC036
Blue,Module,C1002,RDC038,C1002RDC038
Blue,Module,C1002,RDC040,C1002RDC040
Blue,Module,C1002,RDC042,C1002RDC042
Blue,Module,C1002,RDC046,C1002RDC046
Blue,Module,C1002,RDC048,C1002RDC048
Blue,Module,C1002,RDC050,C1002RDC050
Blue,Module,C1002,STA024,C1002STA024
Blue,Module,C1002,STA026,C1002STA026
Blue,Module,C1002,STA030,C1002STA030
Blue,Module,C1002,STA032,C1002STA032
Blue,Module,C1002,STA034,C1002STA034
Blue,Module,C1002,STA039,C1002STA039
Blue,Module,C1002,STA041,C1002STA041
Blue,Module,C1002,STA044,C1002STA044
Blue,Module,C1002,STA049,C1002STA049
Blue,Module,C1002,STA051,C1002STA051
Blue,Module,C1003,ACH186,C1003ACH186
Blue,Module,C1003,BCH109,C1003BCH109
Blue,Module,C1003,BCH121,C1003BCH121
Blue,Module,C1003,BCL108,C1003BCL108
Blue,Module,C1003,RDC010,C1003RDC010
Blue,Module,C1003,RDC104,C1003RDC104
Blue,Module,C1003,RDC107,C1003RDC107
Blue,Module,C1003,RDC110,C1003RDC110
Blue,Module,C1003,STA105,C1003STA105
Blue,Module,C1004,ACH123,C1004ACH123
Blue,Module,C1004,ACH125,C1004ACH125
Blue,Module,C1004,ACH133,C1004ACH133
Blue,Module,C1004,ACH143,C1004ACH143
Blue,Module,C1004,ACL127,C1004ACL127
Blue,Module,C1004,ACL128,C1004ACL128
Blue,Module,C1004,ACL135,C1004ACL135
Blue,Module,C1004,ACL145,C1004ACL145
Blue,Module,C1004,ACL210,C1004ACL210
Blue,Module,C1004,BCL204,C1004BCL204
Blue,Module,C1004,RD0131,C1004RD0131
Blue,Module,C1004,RDC129,C1004RDC129
Blue,Module,C1004,RDC136,C1004RDC136
Blue,Module,C1004,RDC138,C1004RDC138
Blue,Module,C1004,RDC140,C1004RDC140
Blue,Module,C1004,RDC142,C1004RDC142
Blue,Module,C1004,RDC146,C1004RDC146
Blue,Module,C1004,RDC148,C1004RDC148
Blue,Module,C1004,RDC150,C1004RDC150
Blue,Module,C1004,RDC202,C1004RDC202
Blue,Module,C1004,RDC205,C1004RDC205
Blue,Module,C1004,RDC209,C1004RDC209
Blue,Module,C1004,RDC211,C1004RDC211
Blue,Module,C1004,RDC212,C1004RDC212
Blue,Module,C1004,RDC214,C1004RDC214
Blue,Module,C1004,STA124,C1004STA124
Blue,Module,C1004,STA126,C1004STA126
Blue,Module,C1004,STA130,C1004STA130
Blue,Module,C1004,STA132,C1004STA132
Blue,Module,C1004,STA139,C1004STA139
Blue,Module,C1004,STA141,C1004STA141
Blue,Module,C1004,STA144,C1004STA144
Blue,Module,C1004,STA149,C1004STA149
Blue,Module,C1004,STA151,C1004STA151
Blue,Module,C1004,STA201,C1004STA201
Blue,Module,C1004,STA203,C1004STA203
Blue,Module,C1004,STA208,C1004STA208
Blue,Module,C1004,STA213,C1004STA213
Blue,Module,C1101,ACH086,C1101ACH086
Blue,Module,C1101,BCH009,C1101BCH009
Blue,Module,C1101,BCH021,C1101BCH021
Blue,Module,C1101,BCL008,C1101BCL008
Blue,Module,C1101,RDC003,C1101RDC003
Blue,Module,C1101,RDC004,C1101RDC004
Blue,Module,C1101,RDC007,C1101RDC007
Blue,Module,C1101,STA005,C1101STA005
Blue,Module,C1102,ACH023,C1102ACH023
Blue,Module,C1102,ACH025,C1102ACH025
Blue,Module,C1102,ACH033,C1102ACH033
Blue,Module,C1102,ACH043,C1102ACH043
Blue,Module,C1102,ACL027,C1102ACL027
Blue,Module,C1102,ACL028,C1102ACL028
Blue,Module,C1102,ACL035,C1102ACL035
Blue,Module,C1102,ACL045,C1102ACL045
Blue,Module,C1102,RD031,C1102RD031
Blue,Module,C1102,RDC029,C1102RDC029
Blue,Module,C1102,RDC036,C1102RDC036
Blue,Module,C1102,RDC038,C1102RDC038
Blue,Module,C1102,RDC040,C1102RDC040
Blue,Module,C1102,RDC042,C1102RDC042
Blue,Module,C1102,RDC046,C1102RDC046
Blue,Module,C1102,RDC048,C1102RDC048
Blue,Module,C1102,RDC050,C1102RDC050
Blue,Module,C1102,STA024,C1102STA024
Blue,Module,C1102,STA026,C1102STA026
Blue,Module,C1102,STA030,C1102STA030
Blue,Module,C1102,STA032,C1102STA032
Blue,Module,C1102,STA034,C1102STA034
Blue,Module,C1102,STA039,C1102STA039
Blue,Module,C1102,STA041,C1102STA041
Blue,Module,C1102,STA044,C1102STA044
Blue,Module,C1102,STA049,C1102STA049
Blue,Module,C1102,STA051,C1102STA051
Blue,Module,C1103,ACH186,C1103ACH186
Blue,Module,C1103,BCH109,C1103BCH109
Blue,Module,C1103,BCH121,C1103BCH121
Blue,Module,C1103,BCL108,C1103BCL108
Blue,Module,C1103,RDC010,C1103RDC010
Blue,Module,C1103,RDC104,C1103RDC104
Blue,Module,C1103,RDC107,C1103RDC107
Blue,Module,C1103,RDC110,C1103RDC110
Blue,Module,C1103,STA105,C1103STA105
Blue,Module,C1104,ACH123,C1104ACH123
Blue,Module,C1104,ACH125,C1104ACH125
Blue,Module,C1104,ACH133,C1104ACH133
Blue,Module,C1104,ACH143,C1104ACH143
Blue,Module,C1104,ACL127,C1104ACL127
Blue,Module,C1104,ACL128,C1104ACL128
Blue,Module,C1104,ACL135,C1104ACL135
Blue,Module,C1104,ACL145,C1104ACL145
Blue,Module,C1104,ACL210,C1104ACL210
Blue,Module,C1104,BCL204,C1104BCL204
Blue,Module,C1104,RD0131,C1104RD0131
Blue,Module,C1104,RDC129,C1104RDC129
Blue,Module,C1104,RDC136,C1104RDC136
Blue,Module,C1104,RDC138,C1104RDC138
Blue,Module,C1104,RDC140,C1104RDC140
Blue,Module,C1104,RDC142,C1104RDC142
Blue,Module,C1104,RDC146,C1104RDC146
Blue,Module,C1104,RDC148,C1104RDC148
Blue,Module,C1104,RDC150,C1104RDC150
Blue,Module,C1104,RDC202,C1104RDC202
Blue,Module,C1104,RDC205,C1104RDC205
Blue,Module,C1104,RDC209,C1104RDC209
Blue,Module,C1104,RDC211,C1104RDC211
Blue,Module,C1104,RDC212,C1104RDC212
Blue,Module,C1104,RDC214,C1104RDC214
Blue,Module,C1104,STA124,C1104STA124
Blue,Module,C1104,STA126,C1104STA126
Blue,Module,C1104,STA130,C1104STA130
Blue,Module,C1104,STA132,C1104STA132
Blue,Module,C1104,STA139,C1104STA139
Blue,Module,C1104,STA141,C1104STA141
Blue,Module,C1104,STA144,C1104STA144
Blue,Module,C1104,STA149,C1104STA149
Blue,Module,C1104,STA151,C1104STA151
Blue,Module,C1104,STA201,C1104STA201
Blue,Module,C1104,STA203,C1104STA203
Blue,Module,C1104,STA208,C1104STA208
Blue,Module,C1104,STA213,C1104STA213
Blue,Module,C1201,ACH086,C1201ACH086
Blue,Module,C1201,BCH009,C1201BCH009
Blue,Module,C1201,BCH021,C1201BCH021
Blue,Module,C1201,BCL008,C1201BCL008
Blue,Module,C1201,RDC003,C1201RDC003
Blue,Module,C1201,RDC004,C1201RDC004
Blue,Module,C1201,RDC007,C1201RDC007
Blue,Module,C1201,STA005,C1201STA005
Blue,Module,C1202,ACH023,C1202ACH023
Blue,Module,C1202,ACH025,C1202ACH025
Blue,Module,C1202,ACH033,C1202ACH033
Blue,Module,C1202,ACH043,C1202ACH043
Blue,Module,C1202,ACL027,C1202ACL027
Blue,Module,C1202,ACL028,C1202ACL028
Blue,Module,C1202,ACL035,C1202ACL035
Blue,Module,C1202,ACL045,C1202ACL045
Blue,Module,C1202,RD031,C1202RD031
Blue,Module,C1202,RDC029,C1202RDC029
Blue,Module,C1202,RDC036,C1202RDC036
Blue,Module,C1202,RDC038,C1202RDC038
Blue,Module,C1202,RDC040,C1202RDC040
Blue,Module,C1202,RDC042,C1202RDC042
Blue,Module,C1202,RDC046,C1202RDC046
Blue,Module,C1202,RDC048,C1202RDC048
Blue,Module,C1202,RDC050,C1202RDC050
Blue,Module,C1202,STA024,C1202STA024
Blue,Module,C1202,STA026,C1202STA026
Blue,Module,C1202,STA030,C1202STA030
Blue,Module,C1202,STA032,C1202STA032
Blue,Module,C1202,STA034,C1202STA034
Blue,Module,C1202,STA039,C1202STA039
Blue,Module,C1202,STA041,C1202STA041
Blue,Module,C1202,STA044,C1202STA044
Blue,Module,C1202,STA049,C1202STA049
Blue,Module,C1202,STA051,C1202STA051
Blue,Module,C1203,ACH186,C1203ACH186
Blue,Module,C1203,BCH109,C1203BCH109
Blue,Module,C1203,BCH121,C1203BCH121
Blue,Module,C1203,BCL108,C1203BCL108
Blue,Module,C1203,RDC010,C1203RDC010
Blue,Module,C1203,RDC104,C1203RDC104
Blue,Module,C1203,RDC107,C1203RDC107
Blue,Module,C1203,RDC110,C1203RDC110
Blue,Module,C1203,STA105,C1203STA105
Blue,Module,C1204,ACH123,C1204ACH123
Blue,Module,C1204,ACH125,C1204ACH125
Blue,Module,C1204,ACH133,C1204ACH133
Blue,Module,C1204,ACH143,C1204ACH143
Blue,Module,C1204,ACL127,C1204ACL127
Blue,Module,C1204,ACL128,C1204ACL128
Blue,Module,C1204,ACL135,C1204ACL135
Blue,Module,C1204,ACL145,C1204ACL145
Blue,Module,C1204,ACL210,C1204ACL210
Blue,Module,C1204,BCL204,C1204BCL204
Blue,Module,C1204,RD0131,C1204RD0131
Blue,Module,C1204,RDC129,C1204RDC129
Blue,Module,C1204,RDC136,C1204RDC136
Blue,Module,C1204,RDC138,C1204RDC138
Blue,Module,C1204,RDC140,C1204RDC140
Blue,Module,C1204,RDC142,C1204RDC142
Blue,Module,C1204,RDC146,C1204RDC146
Blue,Module,C1204,RDC148,C1204RDC148
Blue,Module,C1204,RDC150,C1204RDC150
Blue,Module,C1204,RDC202,C1204RDC202
Blue,Module,C1204,RDC205,C1204RDC205
Blue,Module,C1204,RDC209,C1204RDC209
Blue,Module,C1204,RDC211,C1204RDC211
Blue,Module,C1204,RDC212,C1204RDC212
Blue,Module,C1204,RDC214,C1204RDC214
Blue,Module,C1204,STA124,C1204STA124
Blue,Module,C1204,STA126,C1204STA126
Blue,Module,C1204,STA130,C1204STA130
Blue,Module,C1204,STA132,C1204STA132
Blue,Module,C1204,STA139,C1204STA139
Blue,Module,C1204,STA141,C1204STA141
Blue,Module,C1204,STA144,C1204STA144
Blue,Module,C1204,STA149,C1204STA149
Blue,Module,C1204,STA151,C1204STA151
Blue,Module,C1204,STA201,C1204STA201
Blue,Module,C1204,STA203,C1204STA203
Blue,Module,C1204,STA208,C1204STA208
Blue,Module,C1204,STA213,C1204STA213
Blue,Module,C1301,ACH086,C1301ACH086
Blue,Module,C1301,BCH009,C1301BCH009
Blue,Module,C1301,BCH021,C1301BCH021
Blue,Module,C1301,BCL008,C1301BCL008
Blue,Module,C1301,RDC003,C1301RDC003
Blue,Module,C1301,RDC004,C1301RDC004
Blue,Module,C1301,RDC007,C1301RDC007
Blue,Module,C1301,STA005,C1301STA005
Blue,Module,C1302,ACH023,C1302ACH023
Blue,Module,C1302,ACH025,C1302ACH025
Blue,Module,C1302,ACH033,C1302ACH033
Blue,Module,C1302,ACH043,C1302ACH043
Blue,Module,C1302,ACL027,C1302ACL027
Blue,Module,C1302,ACL028,C1302ACL028
Blue,Module,C1302,ACL035,C1302ACL035
Blue,Module,C1302,ACL045,C1302ACL045
Blue,Module,C1302,RD031,C1302RD031
Blue,Module,C1302,RDC029,C1302RDC029
Blue,Module,C1302,RDC036,C1302RDC036
Blue,Module,C1302,RDC038,C1302RDC038
Blue,Module,C1302,RDC040,C1302RDC040
Blue,Module,C1302,RDC042,C1302RDC042
Blue,Module,C1302,RDC046,C1302RDC046
Blue,Module,C1302,RDC048,C1302RDC048
Blue,Module,C1302,RDC050,C1302RDC050
Blue,Module,C1302,STA024,C1302STA024
Blue,Module,C1302,STA026,C1302STA026
Blue,Module,C1302,STA030,C1302STA030
Blue,Module,C1302,STA032,C1302STA032
Blue,Module,C1302,STA034,C1302STA034
Blue,Module,C1302,STA039,C1302STA039
Blue,Module,C1302,STA041,C1302STA041
Blue,Module,C1302,STA044,C1302STA044
Blue,Module,C1302,STA049,C1302STA049
Blue,Module,C1302,STA051,C1302STA051
Blue,Module,C1303,ACH186,C1303ACH186
Blue,Module,C1303,BCH109,C1303BCH109
Blue,Module,C1303,BCH121,C1303BCH121
Blue,Module,C1303,BCL108,C1303BCL108
Blue,Module,C1303,RDC010,C1303RDC010
Blue,Module,C1303,RDC104,C1303RDC104
Blue,Module,C1303,RDC107,C1303RDC107
Blue,Module,C1303,RDC110,C1303RDC110
Blue,Module,C1303,STA105,C1303STA105
Blue,Module,C1304,ACH123,C1304ACH123
Blue,Module,C1304,ACH125,C1304ACH125
Blue,Module,C1304,ACH133,C1304ACH133
Blue,Module,C1304,ACH143,C1304ACH143
Blue,Module,C1304,ACL127,C1304ACL127
Blue,Module,C1304,ACL128,C1304ACL128
Blue,Module,C1304,ACL135,C1304ACL135
Blue,Module,C1304,ACL145,C1304ACL145
Blue,Module,C1304,ACL210,C1304ACL210
Blue,Module,C1304,BCL204,C1304BCL204
Blue,Module,C1304,RD0131,C1304RD0131
Blue,Module,C1304,RDC129,C1304RDC129
Blue,Module,C1304,RDC136,C1304RDC136
Blue,Module,C1304,RDC138,C1304RDC138
Blue,Module,C1304,RDC140,C1304RDC140
Blue,Module,C1304,RDC142,C1304RDC142
Blue,Module,C1304,RDC146,C1304RDC146
Blue,Module,C1304,RDC148,C1304RDC148
Blue,Module,C1304,RDC150,C1304RDC150
Blue,Module,C1304,RDC202,C1304RDC202
Blue,Module,C1304,RDC205,C1304RDC205
Blue,Module,C1304,RDC209,C1304RDC209
Blue,Module,C1304,RDC211,C1304RDC211
Blue,Module,C1304,RDC212,C1304RDC212
Blue,Module,C1304,RDC214,C1304RDC214
Blue,Module,C1304,STA124,C1304STA124
Blue,Module,C1304,STA126,C1304STA126
Blue,Module,C1304,STA130,C1304STA130
Blue,Module,C1304,STA132,C1304STA132
Blue,Module,C1304,STA139,C1304STA139
Blue,Module,C1304,STA141,C1304STA141
Blue,Module,C1304,STA144,C1304STA144
Blue,Module,C1304,STA149,C1304STA149
Blue,Module,C1304,STA151,C1304STA151
Blue,Module,C1304,STA201,C1304STA201
Blue,Module,C1304,STA203,C1304STA203
Blue,Module,C1304,STA208,C1304STA208
Blue,Module,C1304,STA213,C1304STA213
Blue,Module,C1401,ACH086,C1401ACH086
Blue,Module,C1401,BCH009,C1401BCH009
Blue,Module,C1401,BCH021,C1401BCH021
Blue,Module,C1401,BCL008,C1401BCL008
Blue,Module,C1401,RDC003,C1401RDC003
Blue,Module,C1401,RDC004,C1401RDC004
Blue,Module,C1401,RDC007,C1401RDC007
Blue,Module,C1401,STA005,C1401STA005
Blue,Module,C1402,ACH023,C1402ACH023
Blue,Module,C1402,ACH025,C1402ACH025
Blue,Module,C1402,ACH033,C1402ACH033
Blue,Module,C1402,ACH043,C1402ACH043
Blue,Module,C1402,ACL027,C1402ACL027
Blue,Module,C1402,ACL028,C1402ACL028
Blue,Module,C1402,ACL035,C1402ACL035
Blue,Module,C1402,ACL045,C1402ACL045
Blue,Module,C1402,RD031,C1402RD031
Blue,Module,C1402,RDC029,C1402RDC029
Blue,Module,C1402,RDC036,C1402RDC036
Blue,Module,C1402,RDC038,C1402RDC038
Blue,Module,C1402,RDC040,C1402RDC040
Blue,Module,C1402,RDC042,C1402RDC042
Blue,Module,C1402,RDC046,C1402RDC046
Blue,Module,C1402,RDC048,C1402RDC048
Blue,Module,C1402,RDC050,C1402RDC050
Blue,Module,C1402,STA024,C1402STA024
Blue,Module,C1402,STA026,C1402STA026
Blue,Module,C1402,STA030,C1402STA030
Blue,Module,C1402,STA032,C1402STA032
Blue,Module,C1402,STA034,C1402STA034
Blue,Module,C1402,STA039,C1402STA039
Blue,Module,C1402,STA041,C1402STA041
Blue,Module,C1402,STA044,C1402STA044
Blue,Module,C1402,STA049,C1402STA049
Blue,Module,C1402,STA051,C1402STA051
Blue,Module,C1403,ACH186,C1403ACH186
Blue,Module,C1403,BCH109,C1403BCH109
Blue,Module,C1403,BCH121,C1403BCH121
Blue,Module,C1403,BCL108,C1403BCL108
Blue,Module,C1403,RDC010,C1403RDC010
Blue,Module,C1403,RDC104,C1403RDC104
Blue,Module,C1403,RDC107,C1403RDC107
Blue,Module,C1403,RDC110,C1403RDC110
Blue,Module,C1403,STA105,C1403STA105
Blue,Module,C1404,ACH123,C1404ACH123
Blue,Module,C1404,ACH125,C1404ACH125
Blue,Module,C1404,ACH133,C1404ACH133
Blue,Module,C1404,ACH143,C1404ACH143
Blue,Module,C1404,ACL127,C1404ACL127
Blue,Module,C1404,ACL128,C1404ACL128
Blue,Module,C1404,ACL135,C1404ACL135
Blue,Module,C1404,ACL145,C1404ACL145
Blue,Module,C1404,ACL210,C1404ACL210
Blue,Module,C1404,BCL204,C1404BCL204
Blue,Module,C1404,RD0131,C1404RD0131
Blue,Module,C1404,RDC129,C1404RDC129
Blue,Module,C1404,RDC136,C1404RDC136
Blue,Module,C1404,RDC138,C1404RDC138
Blue,Module,C1404,RDC140,C1404RDC140
Blue,Module,C1404,RDC142,C1404RDC142
Blue,Module,C1404,RDC146,C1404RDC146
Blue,Module,C1404,RDC148,C1404RDC148
Blue,Module,C1404,RDC150,C1404RDC150
Blue,Module,C1404,RDC202,C1404RDC202
Blue,Module,C1404,RDC205,C1404RDC205
Blue,Module,C1404,RDC209,C1404RDC209
Blue,Module,C1404,RDC211,C1404RDC211
Blue,Module,C1404,RDC212,C1404RDC212
Blue,Module,C1404,RDC214,C1404RDC214
Blue,Module,C1404,STA124,C1404STA124
Blue,Module,C1404,STA126,C1404STA126
Blue,Module,C1404,STA130,C1404STA130
Blue,Module,C1404,STA132,C1404STA132
Blue,Module,C1404,STA139,C1404STA139
Blue,Module,C1404,STA141,C1404STA141
Blue,Module,C1404,STA144,C1404STA144
Blue,Module,C1404,STA149,C1404STA149
Blue,Module,C1404,STA151,C1404STA151
Blue,Module,C1404,STA201,C1404STA201
Blue,Module,C1404,STA203,C1404STA203
Blue,Module,C1404,STA208,C1404STA208
Blue,Module,C1404,STA213,C1404STA213
Blue,Module,C0404,STA134,C0404STA134
Blue,Module,C0504,STA134,C0504STA134
Blue,Module,C0604,STA134,C0604STA134
Blue,Module,C0704,STA134,C0704STA134
Blue,Module,C0804,STA134,C0804STA134
Blue,Module,C0904,STA134,C0904STA134
Blue,Module,C1004,STA134,C1004STA134
Blue,Module,C1104,STA134,C1104STA134
Blue,Module,C1204,STA134,C1204STA134
Blue,Module,C1304,STA134,C1304STA134
Blue,Module,C1404,STA134,C1404STA134
Blue,Module,C0401,ACH006,C0401ACH006
Blue,Module,C0501,ACH006,C0501ACH006
Blue,Module,C0601,ACH006,C0601ACH006
Blue,Module,C0701,ACH006,C0701ACH006
Blue,Module,C0801,ACH006,C0801ACH006
Blue,Module,C0901,ACH006,C0901ACH006
Blue,Module,C1001,ACH006,C1001ACH006
Blue,Module,C1101,ACH006,C1101ACH006
Blue,Module,C1201,ACH006,C1201ACH006
Blue,Module,C1301,ACH006,C1301ACH006
Blue,Module,C1401,ACH006,C1401ACH006
Blue,Module,C0501,BCL008,C0501BCL008
Blue,Module,C0501,ACH006,C0501ACH006
Blue,Module,C0501,RDC007,C0501RDC007
Blue,Module,C0501,STA005,C0501STA005
Blue,Module,C0501,RDC231,C0501RDC231
Blue,Module,C0501,STA230,C0501STA230
Blue,Module,C0501,RDC004,C0501RDC004
Blue,Module,C0501,RDC003,C0501RDC003
Blue,Module,C0501,BCH009,C0501BCH009
Blue,Module,C0501,BCH021,C0501BCH021
Blue,Module,C0501,RDC229,C0501RDC229
Blue,Module,C0501,STA228,C0501STA228
Blue,Module,C0501,RDC227,C0501RDC227
Blue,Module,C0501,RDC010,C0501RDC010
Blue,Module,C1001,BCL008,C1001BCL008
Blue,Module,C1001,ACH006,C1001ACH006
Blue,Module,C1001,RDC007,C1001RDC007
Blue,Module,C1001,STA005,C1001STA005
Blue,Module,C1001,RDC231,C1001RDC231
Blue,Module,C1001,STA230,C1001STA230
Blue,Module,C1001,RDC004,C1001RDC004
Blue,Module,C1001,RDC003,C1001RDC003
Blue,Module,C1001,BCH009,C1001BCH009
Blue,Module,C1001,BCH021,C1001BCH021
Blue,Module,C1001,RDC229,C1001RDC229
Blue,Module,C1001,STA228,C1001STA228
Blue,Module,C1001,RDC227,C1001RDC227
Blue,Module,C1001,RDC010,C1001RDC010
Blue,Module,C0503,RDC103,C0503RDC103
Blue,Module,C0603,RDC103,C0603RDC103
Blue,Module,C0703,RDC103,C0703RDC103
Blue,Module,C0803,RDC103,C0803RDC103
Blue,Module,C0903,RDC103,C0903RDC103
Blue,Module,C1003,RDC103,C1003RDC103
Blue,Module,C1103,RDC103,C1103RDC103
Blue,Module,C1203,RDC103,C1203RDC103
Blue,Module,C1303,RDC103,C1303RDC103
Blue,Module,C1403,RDC103,C1403RDC103
Blue,Module,C0601,RDC010,C0601RDC010
Blue,Module,C0701,RDC010,C0701RDC010
Blue,Module,C0801,RDC010,C0801RDC010
Blue,Module,C0901,RDC010,C0901RDC010
Blue,Module,C1101,RDC010,C1101RDC010
Blue,Module,C1201,RDC010,C1201RDC010
Blue,Module,C1301,RDC010,C1301RDC010
Blue,Module,C1401,RDC010,C1401RDC010
Grey,Module,C0502,ACH067,C0502ACH067
Grey,Module,C0502,RDC078,C0502RDC078
Grey,Module,C0502,STA077,C0502STA077
Grey,Module,C0502,STA080,C0502STA080
Grey,Module,C0502,STA074,C0502STA074
Grey,Module,C0502,STA089,C0502STA089
Grey,Module,C0502,ACH079,C0502ACH079
Grey,Module,C0502,STA071,C0502STA071
Grey,Module,C0502,STA068,C0502STA068
Grey,Module,C0502,RDC088,C0502RDC088
Grey,Module,C0502,STA064,C0502STA064
Grey,Module,C0502,ACL090,C0502ACL090
Grey,Module,C0502,STA058,C0502STA058
Grey,Module,C0502,RDC098,C0502RDC098
Grey,Module,C0502,STA059,C0502STA059
Grey,Module,C0502,STA060,C0502STA060
Grey,Module,C0502,STA062,C0502STA062
Grey,Module,C0502,STA063,C0502STA063
Grey,Module,C0502,STA065,C0502STA065
Grey,Module,C0502,STA066,C0502STA066
Grey,Module,C0502,STA069,C0502STA069
Grey,Module,C0502,STA070,C0502STA070
Grey,Module,C0502,STA072,C0502STA072
Grey,Module,C0502,STA073,C0502STA073
Grey,Module,C0502,STA075,C0502STA075
Grey,Module,C0502,STA076,C0502STA076
Grey,Module,C0502,STA091,C0502STA091
Grey,Module,C0502,RDC094,C0502RDC094
Grey,Module,C0502,ACL093,C0502ACL093
Grey,Module,C0502,STA092,C0502STA092
Grey,Module,C0502,STA097,C0502STA097
Grey,Module,C0502,STA081,C0502STA081
Grey,Module,C0502,RDC084,C0502RDC084
Grey,Module,C0502,RDC086,C0502RDC086
Grey,Module,C0502,ACL083,C0502ACL083
Grey,Module,C0502,STA082,C0502STA082
Grey,Module,C0502,STA087,C0502STA087
Grey,Module,C0504,ACL154,C0504ACL154
Grey,Module,C0504,BCH152,C0504BCH152
Grey,Module,C0504,STA156,C0504STA156
Grey,Module,C0504,ACL153,C0504ACL153
Grey,Module,C0504,STA157,C0504STA157
Grey,Module,C0504,ACH155,C0504ACH155
Grey,Module,C0504,STA161,C0504STA161
Grey,Module,C0504,ACH167,C0504ACH167
Grey,Module,C0504,RDC178,C0504RDC178
Grey,Module,C0504,STA177,C0504STA177
Grey,Module,C0504,STA180,C0504STA180
Grey,Module,C0504,STA174,C0504STA174
Grey,Module,C0504,1,C05041
Grey,Module,C0504,STA189,C0504STA189
Grey,Module,C0504,ACH179,C0504ACH179
Grey,Module,C0504,STA171,C0504STA171
Grey,Module,C0504,STA168,C0504STA168
Grey,Module,C0504,RDC188,C0504RDC188
Grey,Module,C0504,STA164,C0504STA164
Grey,Module,C0504,ACL190,C0504ACL190
Grey,Module,C0504,STA158,C0504STA158
Grey,Module,C0504,RDC198,C0504RDC198
Grey,Module,C0504,STA159,C0504STA159
Grey,Module,C0504,STA160,C0504STA160
Grey,Module,C0504,STA162,C0504STA162
Grey,Module,C0504,STA163,C0504STA163
Grey,Module,C0504,STA165,C0504STA165
Grey,Module,C0504,STA166,C0504STA166
Grey,Module,C0504,STA169,C0504STA169
Grey,Module,C0504,STA170,C0504STA170
Grey,Module,C0504,STA172,C0504STA172
Grey,Module,C0504,STA173,C0504STA173
Grey,Module,C0504,STA175,C0504STA175
Grey,Module,C0504,STA176,C0504STA176
Grey,Module,C0504,STA191,C0504STA191
Grey,Module,C0504,RDC194,C0504RDC194
Grey,Module,C0504,ACL193,C0504ACL193
Grey,Module,C0504,STA192,C0504STA192
Grey,Module,C0504,STA197,C0504STA197
Grey,Module,C0504,STA181,C0504STA181
Grey,Module,C0504,RDC184,C0504RDC184
Grey,Module,C0504,ACL183,C0504ACL183
Grey,Module,C0504,STA182,C0504STA182
Grey,Module,C0504,STA187,C0504STA187
Grey,Module,C0602,ACL054,C0602ACL054
Grey,Module,C0602,BCH052,C0602BCH052
Grey,Module,C0602,STA056,C0602STA056
Grey,Module,C0602,ACL053,C0602ACL053
Grey,Module,C0602,STA057,C0602STA057
Grey,Module,C0602,ACH055,C0602ACH055
Grey,Module,C0602,STA061,C0602STA061
Grey,Module,C0602,ACH067,C0602ACH067
Grey,Module,C0602,RDC078,C0602RDC078
Grey,Module,C0602,STA077,C0602STA077
Grey,Module,C0602,STA080,C0602STA080
Grey,Module,C0602,STA074,C0602STA074
Grey,Module,C0602,STA089,C0602STA089
Grey,Module,C0602,ACH079,C0602ACH079
Grey,Module,C0602,STA071,C0602STA071
Grey,Module,C0602,STA068,C0602STA068
Grey,Module,C0602,RDC088,C0602RDC088
Grey,Module,C0602,STA064,C0602STA064
Grey,Module,C0602,ACL090,C0602ACL090
Grey,Module,C0602,STA058,C0602STA058
Grey,Module,C0602,RDC098,C0602RDC098
Grey,Module,C0602,STA059,C0602STA059
Grey,Module,C0602,STA060,C0602STA060
Grey,Module,C0602,STA062,C0602STA062
Grey,Module,C0602,STA063,C0602STA063
Grey,Module,C0602,STA065,C0602STA065
Grey,Module,C0602,STA066,C0602STA066
Grey,Module,C0602,STA069,C0602STA069
Grey,Module,C0602,STA070,C0602STA070
Grey,Module,C0602,STA072,C0602STA072
Grey,Module,C0602,STA073,C0602STA073
Grey,Module,C0602,STA075,C0602STA075
Grey,Module,C0602,STA076,C0602STA076
Grey,Module,C0602,STA091,C0602STA091
Grey,Module,C0602,RDC094,C0602RDC094
Grey,Module,C0602,ACL093,C0602ACL093
Grey,Module,C0602,STA092,C0602STA092
Grey,Module,C0602,STA097,C0602STA097
Grey,Module,C0602,STA081,C0602STA081
Grey,Module,C0602,RDC084,C0602RDC084
Grey,Module,C0602,RDC086,C0602RDC086
Grey,Module,C0602,ACL083,C0602ACL083
Grey,Module,C0602,STA082,C0602STA082
Grey,Module,C0602,STA087,C0602STA087
Grey,Module,C0604,ACL154,C0604ACL154
Grey,Module,C0604,BCH152,C0604BCH152
Grey,Module,C0604,STA156,C0604STA156
Grey,Module,C0604,ACL153,C0604ACL153
Grey,Module,C0604,STA157,C0604STA157
Grey,Module,C0604,ACH155,C0604ACH155
Grey,Module,C0604,STA161,C0604STA161
Grey,Module,C0604,ACH167,C0604ACH167
Grey,Module,C0604,RDC178,C0604RDC178
Grey,Module,C0604,STA177,C0604STA177
Grey,Module,C0604,STA180,C0604STA180
Grey,Module,C0604,STA174,C0604STA174
Grey,Module,C0604,1,C06041
Grey,Module,C0604,STA189,C0604STA189
Grey,Module,C0604,ACH179,C0604ACH179
Grey,Module,C0604,STA171,C0604STA171
Grey,Module,C0604,STA168,C0604STA168
Grey,Module,C0604,RDC188,C0604RDC188
Grey,Module,C0604,STA164,C0604STA164
Grey,Module,C0604,ACL190,C0604ACL190
Grey,Module,C0604,STA158,C0604STA158
Grey,Module,C0604,RDC198,C0604RDC198
Grey,Module,C0604,STA159,C0604STA159
Grey,Module,C0604,STA160,C0604STA160
Grey,Module,C0604,STA162,C0604STA162
Grey,Module,C0604,STA163,C0604STA163
Grey,Module,C0604,STA165,C0604STA165
Grey,Module,C0604,STA166,C0604STA166
Grey,Module,C0604,STA169,C0604STA169
Grey,Module,C0604,STA170,C0604STA170
Grey,Module,C0604,STA172,C0604STA172
Grey,Module,C0604,STA173,C0604STA173
Grey,Module,C0604,STA175,C0604STA175
Grey,Module,C0604,STA176,C0604STA176
Grey,Module,C0604,STA191,C0604STA191
Grey,Module,C0604,RDC194,C0604RDC194
Grey,Module,C0604,ACL193,C0604ACL193
Grey,Module,C0604,STA192,C0604STA192
Grey,Module,C0604,STA197,C0604STA197
Grey,Module,C0604,STA181,C0604STA181
Grey,Module,C0604,RDC184,C0604RDC184
Grey,Module,C0604,ACL183,C0604ACL183
Grey,Module,C0604,STA182,C0604STA182
Grey,Module,C0604,STA187,C0604STA187
Grey,Module,C0702,ACL054,C0702ACL054
Grey,Module,C0702,BCH052,C0702BCH052
Grey,Module,C0702,STA056,C0702STA056
Grey,Module,C0702,ACL053,C0702ACL053
Grey,Module,C0702,STA057,C0702STA057
Grey,Module,C0702,ACH055,C0702ACH055
Grey,Module,C0702,STA061,C0702STA061
Grey,Module,C0702,ACH067,C0702ACH067
Grey,Module,C0702,RDC078,C0702RDC078
Grey,Module,C0702,STA077,C0702STA077
Grey,Module,C0702,STA080,C0702STA080
Grey,Module,C0702,STA074,C0702STA074
Grey,Module,C0702,STA089,C0702STA089
Grey,Module,C0702,ACH079,C0702ACH079
Grey,Module,C0702,STA071,C0702STA071
Grey,Module,C0702,STA068,C0702STA068
Grey,Module,C0702,RDC088,C0702RDC088
Grey,Module,C0702,STA064,C0702STA064
Grey,Module,C0702,ACL090,C0702ACL090
Grey,Module,C0702,STA058,C0702STA058
Grey,Module,C0702,RDC098,C0702RDC098
Grey,Module,C0702,STA059,C0702STA059
Grey,Module,C0702,STA060,C0702STA060
Grey,Module,C0702,STA062,C0702STA062
Grey,Module,C0702,STA063,C0702STA063
Grey,Module,C0702,STA065,C0702STA065
Grey,Module,C0702,STA066,C0702STA066
Grey,Module,C0702,STA069,C0702STA069
Grey,Module,C0702,STA070,C0702STA070
Grey,Module,C0702,STA072,C0702STA072
Grey,Module,C0702,STA073,C0702STA073
Grey,Module,C0702,STA075,C0702STA075
Grey,Module,C0702,STA076,C0702STA076
Grey,Module,C0702,STA091,C0702STA091
Grey,Module,C0702,RDC094,C0702RDC094
Grey,Module,C0702,ACL093,C0702ACL093
Grey,Module,C0702,STA092,C0702STA092
Grey,Module,C0702,STA097,C0702STA097
Grey,Module,C0702,STA081,C0702STA081
Grey,Module,C0702,RDC084,C0702RDC084
Grey,Module,C0702,RDC086,C0702RDC086
Grey,Module,C0702,ACL083,C0702ACL083
Grey,Module,C0702,STA082,C0702STA082
Grey,Module,C0702,STA087,C0702STA087
Grey,Module,C0704,ACL154,C0704ACL154
Grey,Module,C0704,BCH152,C0704BCH152
Grey,Module,C0704,STA156,C0704STA156
Grey,Module,C0704,ACL153,C0704ACL153
Grey,Module,C0704,STA157,C0704STA157
Grey,Module,C0704,ACH155,C0704ACH155
Grey,Module,C0704,STA161,C0704STA161
Grey,Module,C0704,ACH167,C0704ACH167
Grey,Module,C0704,RDC178,C0704RDC178
Grey,Module,C0704,STA177,C0704STA177
Grey,Module,C0704,STA180,C0704STA180
Grey,Module,C0704,STA174,C0704STA174
Grey,Module,C0704,1,C07041
Grey,Module,C0704,STA189,C0704STA189
Grey,Module,C0704,ACH179,C0704ACH179
Grey,Module,C0704,STA171,C0704STA171
Grey,Module,C0704,STA168,C0704STA168
Grey,Module,C0704,RDC188,C0704RDC188
Grey,Module,C0704,STA164,C0704STA164
Grey,Module,C0704,ACL190,C0704ACL190
Grey,Module,C0704,STA158,C0704STA158
Grey,Module,C0704,RDC198,C0704RDC198
Grey,Module,C0704,STA159,C0704STA159
Grey,Module,C0704,STA160,C0704STA160
Grey,Module,C0704,STA162,C0704STA162
Grey,Module,C0704,STA163,C0704STA163
Grey,Module,C0704,STA165,C0704STA165
Grey,Module,C0704,STA166,C0704STA166
Grey,Module,C0704,STA169,C0704STA169
Grey,Module,C0704,STA170,C0704STA170
Grey,Module,C0704,STA172,C0704STA172
Grey,Module,C0704,STA173,C0704STA173
Grey,Module,C0704,STA175,C0704STA175
Grey,Module,C0704,STA176,C0704STA176
Grey,Module,C0704,STA191,C0704STA191
Grey,Module,C0704,RDC194,C0704RDC194
Grey,Module,C0704,ACL193,C0704ACL193
Grey,Module,C0704,STA192,C0704STA192
Grey,Module,C0704,STA197,C0704STA197
Grey,Module,C0704,STA181,C0704STA181
Grey,Module,C0704,RDC184,C0704RDC184
Grey,Module,C0704,ACL183,C0704ACL183
Grey,Module,C0704,STA182,C0704STA182
Grey,Module,C0704,STA187,C0704STA187
Grey,Module,C0802,ACL054,C0802ACL054
Grey,Module,C0802,BCH052,C0802BCH052
Grey,Module,C0802,STA056,C0802STA056
Grey,Module,C0802,ACL053,C0802ACL053
Grey,Module,C0802,STA057,C0802STA057
Grey,Module,C0802,ACH055,C0802ACH055
Grey,Module,C0802,STA061,C0802STA061
Grey,Module,C0802,ACH067,C0802ACH067
Grey,Module,C0802,RDC078,C0802RDC078
Grey,Module,C0802,STA077,C0802STA077
Grey,Module,C0802,STA080,C0802STA080
Grey,Module,C0802,STA074,C0802STA074
Grey,Module,C0802,STA089,C0802STA089
Grey,Module,C0802,ACH079,C0802ACH079
Grey,Module,C0802,STA071,C0802STA071
Grey,Module,C0802,STA068,C0802STA068
Grey,Module,C0802,RDC088,C0802RDC088
Grey,Module,C0802,STA064,C0802STA064
Grey,Module,C0802,ACL090,C0802ACL090
Grey,Module,C0802,STA058,C0802STA058
Grey,Module,C0802,RDC098,C0802RDC098
Grey,Module,C0802,STA059,C0802STA059
Grey,Module,C0802,STA060,C0802STA060
Grey,Module,C0802,STA062,C0802STA062
Grey,Module,C0802,STA063,C0802STA063
Grey,Module,C0802,STA065,C0802STA065
Grey,Module,C0802,STA066,C0802STA066
Grey,Module,C0802,STA069,C0802STA069
Grey,Module,C0802,STA070,C0802STA070
Grey,Module,C0802,STA072,C0802STA072
Grey,Module,C0802,STA073,C0802STA073
Grey,Module,C0802,STA075,C0802STA075
Grey,Module,C0802,STA076,C0802STA076
Grey,Module,C0802,STA091,C0802STA091
Grey,Module,C0802,RDC094,C0802RDC094
Grey,Module,C0802,ACL093,C0802ACL093
Grey,Module,C0802,STA092,C0802STA092
Grey,Module,C0802,STA097,C0802STA097
Grey,Module,C0802,STA081,C0802STA081
Grey,Module,C0802,RDC084,C0802RDC084
Grey,Module,C0802,RDC086,C0802RDC086
Grey,Module,C0802,ACL083,C0802ACL083
Grey,Module,C0802,STA082,C0802STA082
Grey,Module,C0802,STA087,C0802STA087
Grey,Module,C0804,ACL154,C0804ACL154
Grey,Module,C0804,BCH152,C0804BCH152
Grey,Module,C0804,STA156,C0804STA156
Grey,Module,C0804,ACL153,C0804ACL153
Grey,Module,C0804,STA157,C0804STA157
Grey,Module,C0804,ACH155,C0804ACH155
Grey,Module,C0804,STA161,C0804STA161
Grey,Module,C0804,ACH167,C0804ACH167
Grey,Module,C0804,RDC178,C0804RDC178
Grey,Module,C0804,STA177,C0804STA177
Grey,Module,C0804,STA180,C0804STA180
Grey,Module,C0804,STA174,C0804STA174
Grey,Module,C0804,1,C08041
Grey,Module,C0804,STA189,C0804STA189
Grey,Module,C0804,ACH179,C0804ACH179
Grey,Module,C0804,STA171,C0804STA171
Grey,Module,C0804,STA168,C0804STA168
Grey,Module,C0804,RDC188,C0804RDC188
Grey,Module,C0804,STA164,C0804STA164
Grey,Module,C0804,ACL190,C0804ACL190
Grey,Module,C0804,STA158,C0804STA158
Grey,Module,C0804,RDC198,C0804RDC198
Grey,Module,C0804,STA159,C0804STA159
Grey,Module,C0804,STA160,C0804STA160
Grey,Module,C0804,STA162,C0804STA162
Grey,Module,C0804,STA163,C0804STA163
Grey,Module,C0804,STA165,C0804STA165
Grey,Module,C0804,STA166,C0804STA166
Grey,Module,C0804,STA169,C0804STA169
Grey,Module,C0804,STA170,C0804STA170
Grey,Module,C0804,STA172,C0804STA172
Grey,Module,C0804,STA173,C0804STA173
Grey,Module,C0804,STA175,C0804STA175
Grey,Module,C0804,STA176,C0804STA176
Grey,Module,C0804,STA191,C0804STA191
Grey,Module,C0804,RDC194,C0804RDC194
Grey,Module,C0804,ACL193,C0804ACL193
Grey,Module,C0804,STA192,C0804STA192
Grey,Module,C0804,STA197,C0804STA197
Grey,Module,C0804,STA181,C0804STA181
Grey,Module,C0804,RDC184,C0804RDC184
Grey,Module,C0804,ACL183,C0804ACL183
Grey,Module,C0804,STA182,C0804STA182
Grey,Module,C0804,STA187,C0804STA187
Grey,Module,C1002,ACL054,C1002ACL054
Grey,Module,C1002,BCH052,C1002BCH052
Grey,Module,C1002,STA056,C1002STA056
Grey,Module,C1002,ACL053,C1002ACL053
Grey,Module,C1002,STA057,C1002STA057
Grey,Module,C1002,ACH055,C1002ACH055
Grey,Module,C1002,STA061,C1002STA061
Grey,Module,C1002,ACH067,C1002ACH067
Grey,Module,C1002,RDC078,C1002RDC078
Grey,Module,C1002,STA077,C1002STA077
Grey,Module,C1002,STA080,C1002STA080
Grey,Module,C1002,STA074,C1002STA074
Grey,Module,C1002,STA089,C1002STA089
Grey,Module,C1002,ACH079,C1002ACH079
Grey,Module,C1002,STA071,C1002STA071
Grey,Module,C1002,STA068,C1002STA068
Grey,Module,C1002,RDC088,C1002RDC088
Grey,Module,C1002,STA064,C1002STA064
Grey,Module,C1002,ACL090,C1002ACL090
Grey,Module,C1002,STA058,C1002STA058
Grey,Module,C1002,RDC098,C1002RDC098
Grey,Module,C1002,STA059,C1002STA059
Grey,Module,C1002,STA060,C1002STA060
Grey,Module,C1002,STA062,C1002STA062
Grey,Module,C1002,STA063,C1002STA063
Grey,Module,C1002,STA065,C1002STA065
Grey,Module,C1002,STA066,C1002STA066
Grey,Module,C1002,STA069,C1002STA069
Grey,Module,C1002,STA070,C1002STA070
Grey,Module,C1002,STA072,C1002STA072
Grey,Module,C1002,STA073,C1002STA073
Grey,Module,C1002,STA075,C1002STA075
Grey,Module,C1002,STA076,C1002STA076
Grey,Module,C1002,STA091,C1002STA091
Grey,Module,C1002,RDC094,C1002RDC094
Grey,Module,C1002,ACL093,C1002ACL093
Grey,Module,C1002,STA092,C1002STA092
Grey,Module,C1002,STA097,C1002STA097
Grey,Module,C1002,STA081,C1002STA081
Grey,Module,C1002,RDC084,C1002RDC084
Grey,Module,C1002,RDC086,C1002RDC086
Grey,Module,C1002,ACL083,C1002ACL083
Grey,Module,C1002,STA082,C1002STA082
Grey,Module,C1002,STA087,C1002STA087
Grey,Module,C1004,ACL154,C1004ACL154
Grey,Module,C1004,BCH152,C1004BCH152
Grey,Module,C1004,STA156,C1004STA156
Grey,Module,C1004,ACL153,C1004ACL153
Grey,Module,C1004,STA157,C1004STA157
Grey,Module,C1004,ACH155,C1004ACH155
Grey,Module,C1004,STA161,C1004STA161
Grey,Module,C1004,ACH167,C1004ACH167
Grey,Module,C1004,RDC178,C1004RDC178
Grey,Module,C1004,STA177,C1004STA177
Grey,Module,C1004,STA180,C1004STA180
Grey,Module,C1004,STA174,C1004STA174
Grey,Module,C1004,1,C10041
Grey,Module,C1004,STA189,C1004STA189
Grey,Module,C1004,ACH179,C1004ACH179
Grey,Module,C1004,STA171,C1004STA171
Grey,Module,C1004,STA168,C1004STA168
Grey,Module,C1004,RDC188,C1004RDC188
Grey,Module,C1004,STA164,C1004STA164
Grey,Module,C1004,ACL190,C1004ACL190
Grey,Module,C1004,STA158,C1004STA158
Grey,Module,C1004,RDC198,C1004RDC198
Grey,Module,C1004,STA159,C1004STA159
Grey,Module,C1004,STA160,C1004STA160
Grey,Module,C1004,STA162,C1004STA162
Grey,Module,C1004,STA163,C1004STA163
Grey,Module,C1004,STA165,C1004STA165
Grey,Module,C1004,STA166,C1004STA166
Grey,Module,C1004,STA169,C1004STA169
Grey,Module,C1004,STA170,C1004STA170
Grey,Module,C1004,STA172,C1004STA172
Grey,Module,C1004,STA173,C1004STA173
Grey,Module,C1004,STA175,C1004STA175
Grey,Module,C1004,STA176,C1004STA176
Grey,Module,C1004,STA191,C1004STA191
Grey,Module,C1004,RDC194,C1004RDC194
Grey,Module,C1004,ACL193,C1004ACL193
Grey,Module,C1004,STA192,C1004STA192
Grey,Module,C1004,STA197,C1004STA197
Grey,Module,C1004,STA181,C1004STA181
Grey,Module,C1004,RDC184,C1004RDC184
Grey,Module,C1004,ACL183,C1004ACL183
Grey,Module,C1004,STA182,C1004STA182
Grey,Module,C1004,STA187,C1004STA187
Grey,Module,C1102,ACL054,C1102ACL054
Grey,Module,C1102,BCH052,C1102BCH052
Grey,Module,C1102,STA056,C1102STA056
Grey,Module,C1102,ACL053,C1102ACL053
Grey,Module,C1102,STA057,C1102STA057
Grey,Module,C1102,ACH055,C1102ACH055
Grey,Module,C1102,STA061,C1102STA061
Grey,Module,C1102,ACH067,C1102ACH067
Grey,Module,C1102,RDC078,C1102RDC078
Grey,Module,C1102,STA077,C1102STA077
Grey,Module,C1102,STA080,C1102STA080
Grey,Module,C1102,STA074,C1102STA074
Grey,Module,C1102,STA089,C1102STA089
Grey,Module,C1102,ACH079,C1102ACH079
Grey,Module,C1102,STA071,C1102STA071
Grey,Module,C1102,STA068,C1102STA068
Grey,Module,C1102,RDC088,C1102RDC088
Grey,Module,C1102,STA064,C1102STA064
Grey,Module,C1102,ACL090,C1102ACL090
Grey,Module,C1102,STA058,C1102STA058
Grey,Module,C1102,RDC098,C1102RDC098
Grey,Module,C1102,STA059,C1102STA059
Grey,Module,C1102,STA060,C1102STA060
Grey,Module,C1102,STA062,C1102STA062
Grey,Module,C1102,STA063,C1102STA063
Grey,Module,C1102,STA065,C1102STA065
Grey,Module,C1102,STA066,C1102STA066
Grey,Module,C1102,STA069,C1102STA069
Grey,Module,C1102,STA070,C1102STA070
Grey,Module,C1102,STA072,C1102STA072
Grey,Module,C1102,STA073,C1102STA073
Grey,Module,C1102,STA075,C1102STA075
Grey,Module,C1102,STA076,C1102STA076
Grey,Module,C1102,STA091,C1102STA091
Grey,Module,C1102,RDC094,C1102RDC094
Grey,Module,C1102,ACL093,C1102ACL093
Grey,Module,C1102,STA092,C1102STA092
Grey,Module,C1102,STA097,C1102STA097
Grey,Module,C1102,STA081,C1102STA081
Grey,Module,C1102,RDC084,C1102RDC084
Grey,Module,C1102,RDC086,C1102RDC086
Grey,Module,C1102,ACL083,C1102ACL083
Grey,Module,C1102,STA082,C1102STA082
Grey,Module,C1102,STA087,C1102STA087
Grey,Module,C1104,ACL154,C1104ACL154
Grey,Module,C1104,BCH152,C1104BCH152
Grey,Module,C1104,STA156,C1104STA156
Grey,Module,C1104,ACL153,C1104ACL153
Grey,Module,C1104,STA157,C1104STA157
Grey,Module,C1104,ACH155,C1104ACH155
Grey,Module,C1104,STA161,C1104STA161
Grey,Module,C1104,ACH167,C1104ACH167
Grey,Module,C1104,RDC178,C1104RDC178
Grey,Module,C1104,STA177,C1104STA177
Grey,Module,C1104,STA180,C1104STA180
Grey,Module,C1104,STA174,C1104STA174
Grey,Module,C1104,1,C11041
Grey,Module,C1104,STA189,C1104STA189
Grey,Module,C1104,ACH179,C1104ACH179
Grey,Module,C1104,STA171,C1104STA171
Grey,Module,C1104,STA168,C1104STA168
Grey,Module,C1104,RDC188,C1104RDC188
Grey,Module,C1104,STA164,C1104STA164
Grey,Module,C1104,ACL190,C1104ACL190
Grey,Module,C1104,STA158,C1104STA158
Grey,Module,C1104,RDC198,C1104RDC198
Grey,Module,C1104,STA159,C1104STA159
Grey,Module,C1104,STA160,C1104STA160
Grey,Module,C1104,STA162,C1104STA162
Grey,Module,C1104,STA163,C1104STA163
Grey,Module,C1104,STA165,C1104STA165
Grey,Module,C1104,STA166,C1104STA166
Grey,Module,C1104,STA169,C1104STA169
Grey,Module,C1104,STA170,C1104STA170
Grey,Module,C1104,STA172,C1104STA172
Grey,Module,C1104,STA173,C1104STA173
Grey,Module,C1104,STA175,C1104STA175
Grey,Module,C1104,STA176,C1104STA176
Grey,Module,C1104,STA191,C1104STA191
Grey,Module,C1104,RDC194,C1104RDC194
Grey,Module,C1104,ACL193,C1104ACL193
Grey,Module,C1104,STA192,C1104STA192
Grey,Module,C1104,STA197,C1104STA197
Grey,Module,C1104,STA181,C1104STA181
Grey,Module,C1104,RDC184,C1104RDC184
Grey,Module,C1104,ACL183,C1104ACL183
Grey,Module,C1104,STA182,C1104STA182
Grey,Module,C1104,STA187,C1104STA187
Grey,Module,C1202,ACL054,C1202ACL054
Grey,Module,C1202,BCH052,C1202BCH052
Grey,Module,C1202,STA056,C1202STA056
Grey,Module,C1202,ACL053,C1202ACL053
Grey,Module,C1202,STA057,C1202STA057
Grey,Module,C1202,ACH055,C1202ACH055
Grey,Module,C1202,STA061,C1202STA061
Grey,Module,C1202,ACH067,C1202ACH067
Grey,Module,C1202,RDC078,C1202RDC078
Grey,Module,C1202,STA077,C1202STA077
Grey,Module,C1202,STA080,C1202STA080
Grey,Module,C1202,STA074,C1202STA074
Grey,Module,C1202,STA089,C1202STA089
Grey,Module,C1202,ACH079,C1202ACH079
Grey,Module,C1202,STA071,C1202STA071
Grey,Module,C1202,STA068,C1202STA068
Grey,Module,C1202,RDC088,C1202RDC088
Grey,Module,C1202,STA064,C1202STA064
Grey,Module,C1202,ACL090,C1202ACL090
Grey,Module,C1202,STA058,C1202STA058
Grey,Module,C1202,RDC098,C1202RDC098
Grey,Module,C1202,STA059,C1202STA059
Grey,Module,C1202,STA060,C1202STA060
Grey,Module,C1202,STA062,C1202STA062
Grey,Module,C1202,STA063,C1202STA063
Grey,Module,C1202,STA065,C1202STA065
Grey,Module,C1202,STA066,C1202STA066
Grey,Module,C1202,STA069,C1202STA069
Grey,Module,C1202,STA070,C1202STA070
Grey,Module,C1202,STA072,C1202STA072
Grey,Module,C1202,STA073,C1202STA073
Grey,Module,C1202,STA075,C1202STA075
Grey,Module,C1202,STA076,C1202STA076
Grey,Module,C1202,STA091,C1202STA091
Grey,Module,C1202,RDC094,C1202RDC094
Grey,Module,C1202,ACL093,C1202ACL093
Grey,Module,C1202,STA092,C1202STA092
Grey,Module,C1202,STA097,C1202STA097
Grey,Module,C1202,STA081,C1202STA081
Grey,Module,C1202,RDC084,C1202RDC084
Grey,Module,C1202,RDC086,C1202RDC086
Grey,Module,C1202,ACL083,C1202ACL083
Grey,Module,C1202,STA082,C1202STA082
Grey,Module,C1202,STA087,C1202STA087
Grey,Module,C1204,ACL154,C1204ACL154
Grey,Module,C1204,BCH152,C1204BCH152
Grey,Module,C1204,STA156,C1204STA156
Grey,Module,C1204,ACL153,C1204ACL153
Grey,Module,C1204,STA157,C1204STA157
Grey,Module,C1204,ACH155,C1204ACH155
Grey,Module,C1204,STA161,C1204STA161
Grey,Module,C1204,ACH167,C1204ACH167
Grey,Module,C1204,RDC178,C1204RDC178
Grey,Module,C1204,STA177,C1204STA177
Grey,Module,C1204,STA180,C1204STA180
Grey,Module,C1204,STA174,C1204STA174
Grey,Module,C1204,1,C12041
Grey,Module,C1204,STA189,C1204STA189
Grey,Module,C1204,ACH179,C1204ACH179
Grey,Module,C1204,STA171,C1204STA171
Grey,Module,C1204,STA168,C1204STA168
Grey,Module,C1204,RDC188,C1204RDC188
Grey,Module,C1204,STA164,C1204STA164
Grey,Module,C1204,ACL190,C1204ACL190
Grey,Module,C1204,STA158,C1204STA158
Grey,Module,C1204,RDC198,C1204RDC198
Grey,Module,C1204,STA159,C1204STA159
Grey,Module,C1204,STA160,C1204STA160
Grey,Module,C1204,STA162,C1204STA162
Grey,Module,C1204,STA163,C1204STA163
Grey,Module,C1204,STA165,C1204STA165
Grey,Module,C1204,STA166,C1204STA166
Grey,Module,C1204,STA169,C1204STA169
Grey,Module,C1204,STA170,C1204STA170
Grey,Module,C1204,STA172,C1204STA172
Grey,Module,C1204,STA173,C1204STA173
Grey,Module,C1204,STA175,C1204STA175
Grey,Module,C1204,STA176,C1204STA176
Grey,Module,C1204,STA191,C1204STA191
Grey,Module,C1204,RDC194,C1204RDC194
Grey,Module,C1204,ACL193,C1204ACL193
Grey,Module,C1204,STA192,C1204STA192
Grey,Module,C1204,STA197,C1204STA197
Grey,Module,C1204,STA181,C1204STA181
Grey,Module,C1204,RDC184,C1204RDC184
Grey,Module,C1204,ACL183,C1204ACL183
Grey,Module,C1204,STA182,C1204STA182
Grey,Module,C1204,STA187,C1204STA187
Grey,Module,C1302,ACL054,C1302ACL054
Grey,Module,C1302,BCH052,C1302BCH052
Grey,Module,C1302,STA056,C1302STA056
Grey,Module,C1302,ACL053,C1302ACL053
Grey,Module,C1302,STA057,C1302STA057
Grey,Module,C1302,ACH055,C1302ACH055
Grey,Module,C1302,STA061,C1302STA061
Grey,Module,C1302,ACH067,C1302ACH067
Grey,Module,C1302,RDC078,C1302RDC078
Grey,Module,C1302,STA077,C1302STA077
Grey,Module,C1302,STA080,C1302STA080
Grey,Module,C1302,STA074,C1302STA074
Grey,Module,C1302,STA089,C1302STA089
Grey,Module,C1302,ACH079,C1302ACH079
Grey,Module,C1302,STA071,C1302STA071
Grey,Module,C1302,STA068,C1302STA068
Grey,Module,C1302,RDC088,C1302RDC088
Grey,Module,C1302,STA064,C1302STA064
Grey,Module,C1302,ACL090,C1302ACL090
Grey,Module,C1302,STA058,C1302STA058
Grey,Module,C1302,RDC098,C1302RDC098
Grey,Module,C1302,STA059,C1302STA059
Grey,Module,C1302,STA060,C1302STA060
Grey,Module,C1302,STA062,C1302STA062
Grey,Module,C1302,STA063,C1302STA063
Grey,Module,C1302,STA065,C1302STA065
Grey,Module,C1302,STA066,C1302STA066
Grey,Module,C1302,STA069,C1302STA069
Grey,Module,C1302,STA070,C1302STA070
Grey,Module,C1302,STA072,C1302STA072
Grey,Module,C1302,STA073,C1302STA073
Grey,Module,C1302,STA075,C1302STA075
Grey,Module,C1302,STA076,C1302STA076
Grey,Module,C1302,STA091,C1302STA091
Grey,Module,C1302,RDC094,C1302RDC094
Grey,Module,C1302,ACL093,C1302ACL093
Grey,Module,C1302,STA092,C1302STA092
Grey,Module,C1302,STA097,C1302STA097
Grey,Module,C1302,STA081,C1302STA081
Grey,Module,C1302,RDC084,C1302RDC084
Grey,Module,C1302,RDC086,C1302RDC086
Grey,Module,C1302,ACL083,C1302ACL083
Grey,Module,C1302,STA082,C1302STA082
Grey,Module,C1302,STA087,C1302STA087
Grey,Module,C1304,ACL154,C1304ACL154
Grey,Module,C1304,BCH152,C1304BCH152
Grey,Module,C1304,STA156,C1304STA156
Grey,Module,C1304,ACL153,C1304ACL153
Grey,Module,C1304,STA157,C1304STA157
Grey,Module,C1304,ACH155,C1304ACH155
Grey,Module,C1304,STA161,C1304STA161
Grey,Module,C1304,ACH167,C1304ACH167
Grey,Module,C1304,RDC178,C1304RDC178
Grey,Module,C1304,STA177,C1304STA177
Grey,Module,C1304,STA180,C1304STA180
Grey,Module,C1304,STA174,C1304STA174
Grey,Module,C1304,1,C13041
Grey,Module,C1304,STA189,C1304STA189
Grey,Module,C1304,ACH179,C1304ACH179
Grey,Module,C1304,STA171,C1304STA171
Grey,Module,C1304,STA168,C1304STA168
Grey,Module,C1304,RDC188,C1304RDC188
Grey,Module,C1304,STA164,C1304STA164
Grey,Module,C1304,ACL190,C1304ACL190
Grey,Module,C1304,STA158,C1304STA158
Grey,Module,C1304,RDC198,C1304RDC198
Grey,Module,C1304,STA159,C1304STA159
Grey,Module,C1304,STA160,C1304STA160
Grey,Module,C1304,STA162,C1304STA162
Grey,Module,C1304,STA163,C1304STA163
Grey,Module,C1304,STA165,C1304STA165
Grey,Module,C1304,STA166,C1304STA166
Grey,Module,C1304,STA169,C1304STA169
Grey,Module,C1304,STA170,C1304STA170
Grey,Module,C1304,STA172,C1304STA172
Grey,Module,C1304,STA173,C1304STA173
Grey,Module,C1304,STA175,C1304STA175
Grey,Module,C1304,STA176,C1304STA176
Grey,Module,C1304,STA191,C1304STA191
Grey,Module,C1304,RDC194,C1304RDC194
Grey,Module,C1304,ACL193,C1304ACL193
Grey,Module,C1304,STA192,C1304STA192
Grey,Module,C1304,STA197,C1304STA197
Grey,Module,C1304,STA181,C1304STA181
Grey,Module,C1304,RDC184,C1304RDC184
Grey,Module,C1304,ACL183,C1304ACL183
Grey,Module,C1304,STA182,C1304STA182
Grey,Module,C1304,STA187,C1304STA187
Grey,Module,C1402,ACL054,C1402ACL054
Grey,Module,C1402,BCH052,C1402BCH052
Grey,Module,C1402,STA056,C1402STA056
Grey,Module,C1402,ACL053,C1402ACL053
Grey,Module,C1402,STA057,C1402STA057
Grey,Module,C1402,ACH055,C1402ACH055
Grey,Module,C1402,STA061,C1402STA061
Grey,Module,C1402,ACH067,C1402ACH067
Grey,Module,C1402,RDC078,C1402RDC078
Grey,Module,C1402,STA077,C1402STA077
Grey,Module,C1402,STA080,C1402STA080
Grey,Module,C1402,STA074,C1402STA074
Grey,Module,C1402,STA089,C1402STA089
Grey,Module,C1402,ACH079,C1402ACH079
Grey,Module,C1402,STA071,C1402STA071
Grey,Module,C1402,STA068,C1402STA068
Grey,Module,C1402,RDC088,C1402RDC088
Grey,Module,C1402,STA064,C1402STA064
Grey,Module,C1402,ACL090,C1402ACL090
Grey,Module,C1402,STA058,C1402STA058
Grey,Module,C1402,RDC098,C1402RDC098
Grey,Module,C1402,STA059,C1402STA059
Grey,Module,C1402,STA060,C1402STA060
Grey,Module,C1402,STA062,C1402STA062
Grey,Module,C1402,STA063,C1402STA063
Grey,Module,C1402,STA065,C1402STA065
Grey,Module,C1402,STA066,C1402STA066
Grey,Module,C1402,STA069,C1402STA069
Grey,Module,C1402,STA070,C1402STA070
Grey,Module,C1402,STA072,C1402STA072
Grey,Module,C1402,STA073,C1402STA073
Grey,Module,C1402,STA075,C1402STA075
Grey,Module,C1402,STA076,C1402STA076
Grey,Module,C1402,STA091,C1402STA091
Grey,Module,C1402,RDC094,C1402RDC094
Grey,Module,C1402,ACL093,C1402ACL093
Grey,Module,C1402,STA092,C1402STA092
Grey,Module,C1402,STA097,C1402STA097
Grey,Module,C1402,STA081,C1402STA081
Grey,Module,C1402,RDC084,C1402RDC084
Grey,Module,C1402,RDC086,C1402RDC086
Grey,Module,C1402,ACL083,C1402ACL083
Grey,Module,C1402,STA082,C1402STA082
Grey,Module,C1402,STA087,C1402STA087
Grey,Module,C1404,ACL154,C1404ACL154
Grey,Module,C1404,BCH152,C1404BCH152
Grey,Module,C1404,STA156,C1404STA156
Grey,Module,C1404,ACL153,C1404ACL153
Grey,Module,C1404,STA157,C1404STA157
Grey,Module,C1404,ACH155,C1404ACH155
Grey,Module,C1404,STA161,C1404STA161
Grey,Module,C1404,ACH167,C1404ACH167
Grey,Module,C1404,RDC178,C1404RDC178
Grey,Module,C1404,STA177,C1404STA177
Grey,Module,C1404,STA180,C1404STA180
Grey,Module,C1404,STA174,C1404STA174
Grey,Module,C1404,1,C14041
Grey,Module,C1404,STA189,C1404STA189
Grey,Module,C1404,ACH179,C1404ACH179
Grey,Module,C1404,STA171,C1404STA171
Grey,Module,C1404,STA168,C1404STA168
Grey,Module,C1404,RDC188,C1404RDC188
Grey,Module,C1404,STA164,C1404STA164
Grey,Module,C1404,ACL190,C1404ACL190
Grey,Module,C1404,STA158,C1404STA158
Grey,Module,C1404,RDC198,C1404RDC198
Grey,Module,C1404,STA159,C1404STA159
Grey,Module,C1404,STA160,C1404STA160
Grey,Module,C1404,STA162,C1404STA162
Grey,Module,C1404,STA163,C1404STA163
Grey,Module,C1404,STA165,C1404STA165
Grey,Module,C1404,STA166,C1404STA166
Grey,Module,C1404,STA169,C1404STA169
Grey,Module,C1404,STA170,C1404STA170
Grey,Module,C1404,STA172,C1404STA172
Grey,Module,C1404,STA173,C1404STA173
Grey,Module,C1404,STA175,C1404STA175
Grey,Module,C1404,STA176,C1404STA176
Grey,Module,C1404,STA191,C1404STA191
Grey,Module,C1404,RDC194,C1404RDC194
Grey,Module,C1404,ACL193,C1404ACL193
Grey,Module,C1404,STA192,C1404STA192
Grey,Module,C1404,STA197,C1404STA197
Grey,Module,C1404,STA181,C1404STA181
Grey,Module,C1404,RDC184,C1404RDC184
Grey,Module,C1404,ACL183,C1404ACL183
Grey,Module,C1404,STA182,C1404STA182
Grey,Module,C1404,STA187,C1404STA187
Grey,Module,C0902,ACL054,C0902ACL054
Grey,Module,C0902,BCH052,C0902BCH052
Grey,Module,C0902,STA056,C0902STA056
Grey,Module,C0902,ACL053,C0902ACL053
Grey,Module,C0902,STA057,C0902STA057
Grey,Module,C0902,ACH055,C0902ACH055
Grey,Module,C0902,STA061,C0902STA061
Grey,Module,C0902,ACH067,C0902ACH067
Grey,Module,C0902,RDC078,C0902RDC078
Grey,Module,C0902,STA077,C0902STA077
Grey,Module,C0902,STA080,C0902STA080
Grey,Module,C0902,STA074,C0902STA074
Grey,Module,C0902,STA089,C0902STA089
Grey,Module,C0902,ACH079,C0902ACH079
Grey,Module,C0902,STA071,C0902STA071
Grey,Module,C0902,STA068,C0902STA068
Grey,Module,C0902,RDC088,C0902RDC088
Grey,Module,C0902,STA064,C0902STA064
Grey,Module,C0902,ACL090,C0902ACL090
Grey,Module,C0902,STA058,C0902STA058
Grey,Module,C0902,RDC098,C0902RDC098
Grey,Module,C0902,STA059,C0902STA059
Grey,Module,C0902,STA060,C0902STA060
Grey,Module,C0902,STA062,C0902STA062
Grey,Module,C0902,STA063,C0902STA063
Grey,Module,C0902,STA065,C0902STA065
Grey,Module,C0902,STA066,C0902STA066
Grey,Module,C0902,STA069,C0902STA069
Grey,Module,C0902,STA070,C0902STA070
Grey,Module,C0902,STA072,C0902STA072
Grey,Module,C0902,STA073,C0902STA073
Grey,Module,C0902,STA075,C0902STA075
Grey,Module,C0902,STA076,C0902STA076
Grey,Module,C0902,STA091,C0902STA091
Grey,Module,C0902,RDC094,C0902RDC094
Grey,Module,C0902,ACL093,C0902ACL093
Grey,Module,C0902,STA092,C0902STA092
Grey,Module,C0902,STA097,C0902STA097
Grey,Module,C0902,STA081,C0902STA081
Grey,Module,C0902,RDC084,C0902RDC084
Grey,Module,C0902,RDC086,C0902RDC086
Grey,Module,C0902,ACL083,C0902ACL083
Grey,Module,C0902,STA082,C0902STA082
Grey,Module,C0902,STA087,C0902STA087
Grey,Module,C0904,ACL154,C0904ACL154
Grey,Module,C0904,BCH152,C0904BCH152
Grey,Module,C0904,STA156,C0904STA156
Grey,Module,C0904,ACL153,C0904ACL153
Grey,Module,C0904,STA157,C0904STA157
Grey,Module,C0904,ACH155,C0904ACH155
Grey,Module,C0904,STA161,C0904STA161
Grey,Module,C0904,ACH167,C0904ACH167
Grey,Module,C0904,RDC178,C0904RDC178
Grey,Module,C0904,STA177,C0904STA177
Grey,Module,C0904,STA180,C0904STA180
Grey,Module,C0904,STA174,C0904STA174
Grey,Module,C0904,1,C09041
Grey,Module,C0904,STA189,C0904STA189
Grey,Module,C0904,ACH179,C0904ACH179
Grey,Module,C0904,STA171,C0904STA171
Grey,Module,C0904,STA168,C0904STA168
Grey,Module,C0904,RDC188,C0904RDC188
Grey,Module,C0904,STA164,C0904STA164
Grey,Module,C0904,ACL190,C0904ACL190
Grey,Module,C0904,STA158,C0904STA158
Grey,Module,C0904,RDC198,C0904RDC198
Grey,Module,C0904,STA159,C0904STA159
Grey,Module,C0904,STA160,C0904STA160
Grey,Module,C0904,STA162,C0904STA162
Grey,Module,C0904,STA163,C0904STA163
Grey,Module,C0904,STA165,C0904STA165
Grey,Module,C0904,STA166,C0904STA166
Grey,Module,C0904,STA169,C0904STA169
Grey,Module,C0904,STA170,C0904STA170
Grey,Module,C0904,STA172,C0904STA172
Grey,Module,C0904,STA173,C0904STA173
Grey,Module,C0904,STA175,C0904STA175
Grey,Module,C0904,STA176,C0904STA176
Grey,Module,C0904,STA191,C0904STA191
Grey,Module,C0904,RDC194,C0904RDC194
Grey,Module,C0904,ACL193,C0904ACL193
Grey,Module,C0904,STA192,C0904STA192
Grey,Module,C0904,STA197,C0904STA197
Grey,Module,C0904,STA181,C0904STA181
Grey,Module,C0904,RDC184,C0904RDC184
Grey,Module,C0904,ACL183,C0904ACL183
Grey,Module,C0904,STA182,C0904STA182
Grey,Module,C0904,STA187,C0904STA187
Grey,Module,C0404,RDC186,C0404RDC186
Grey,Module,C0504,RDC186,C0504RDC186
Grey,Module,C0604,RDC186,C0604RDC186
Grey,Module,C0704,RDC186,C0704RDC186
Grey,Module,C0804,RDC186,C0804RDC186
Grey,Module,C0904,RDC186,C0904RDC186
Grey,Module,C1004,RDC186,C1004RDC186
Grey,Module,C1104,RDC186,C1104RDC186
Grey,Module,C1204,RDC186,C1204RDC186
Grey,Module,C1304,RDC186,C1304RDC186
Grey,Module,C1404,RDC186,C1404RDC186
Grey,Module,C0404,RDC196,C0404RDC196
Grey,Module,C0504,RDC196,C0504RDC196
Grey,Module,C0604,RDC196,C0604RDC196
Grey,Module,C0704,RDC196,C0704RDC196
Grey,Module,C0804,RDC196,C0804RDC196
Grey,Module,C0904,RDC196,C0904RDC196
Grey,Module,C1004,RDC196,C1004RDC196
Grey,Module,C1104,RDC196,C1104RDC196
Grey,Module,C1204,RDC196,C1204RDC196
Grey,Module,C1304,RDC196,C1304RDC196
Grey,Module,C1404,RDC196,C1404RDC196
Grey,Module,C0402,RDC096,C0402RDC096
Grey,Module,C0502,RDC096,C0502RDC096
Grey,Module,C0602,RDC096,C0602RDC096
Grey,Module,C0702,RDC096,C0702RDC096
Grey,Module,C0802,RDC096,C0802RDC096
Grey,Module,C0902,RDC096,C0902RDC096
Grey,Module,C1002,RDC096,C1002RDC096
Grey,Module,C1102,RDC096,C1102RDC096
Grey,Module,C1202,RDC096,C1202RDC096
Grey,Module,C1302,RDC096,C1302RDC096
Grey,Module,C1402,RDC096,C1402RDC096
Blue,Quadrant,C0903,ACH111,C0903ACH111
Blue,Quadrant,C0803,ACH111,C0803ACH111
Blue,Quadrant,C0703,ACH111,C0703ACH111
Blue,Quadrant,C0603,ACH111,C0603ACH111
Blue,Quadrant,C1403,ACH111,C1403ACH111
Blue,Quadrant,C1303,ACH111,C1303ACH111
Blue,Quadrant,C1203,ACH111,C1203ACH111
Blue,Quadrant,C1103,ACH111,C1103ACH111
Blue,Quadrant,C0503,ACH111,C0503ACH111
Blue,Quadrant,C1003,ACH111,C1003ACH111
Grey,Quadrant,C0901,BCH016,C0901BCH016
Grey,Quadrant,C0903,ACH118,C0903ACH118
Grey,Quadrant,C0903,ACH119,C0903ACH119
Grey,Quadrant,C0903,STA120,C0903STA120
Grey,Quadrant,C0903,RDC122,C0903RDC122
Grey,Quadrant,C0903,ACH114,C0903ACH114
Grey,Quadrant,C0903,STA115,C0903STA115
Grey,Quadrant,C0903,RDC117,C0903RDC117
Grey,Quadrant,C0903,BCH116,C0903BCH116
Grey,Quadrant,C0801,ACH018,C0801ACH018
Grey,Quadrant,C0801,ACH019,C0801ACH019
Grey,Quadrant,C0801,STA020,C0801STA020
Grey,Quadrant,C0801,RDC022,C0801RDC022
Grey,Quadrant,C0801,ACH014,C0801ACH014
Grey,Quadrant,C0801,STA015,C0801STA015
Grey,Quadrant,C0801,RDC017,C0801RDC017
Grey,Quadrant,C0801,BCH016,C0801BCH016
Grey,Quadrant,C0803,ACH118,C0803ACH118
Grey,Quadrant,C0803,ACH119,C0803ACH119
Grey,Quadrant,C0803,STA120,C0803STA120
Grey,Quadrant,C0803,RDC122,C0803RDC122
Grey,Quadrant,C0803,ACH114,C0803ACH114
Grey,Quadrant,C0803,STA115,C0803STA115
Grey,Quadrant,C0803,RDC117,C0803RDC117
Grey,Quadrant,C0803,BCH116,C0803BCH116
Grey,Quadrant,C0701,ACH018,C0701ACH018
Grey,Quadrant,C0701,ACH019,C0701ACH019
Grey,Quadrant,C0701,STA020,C0701STA020
Grey,Quadrant,C0701,RDC022,C0701RDC022
Grey,Quadrant,C0701,ACH014,C0701ACH014
Grey,Quadrant,C0701,STA015,C0701STA015
Grey,Quadrant,C0701,RDC017,C0701RDC017
Grey,Quadrant,C0701,BCH016,C0701BCH016
Grey,Quadrant,C0703,ACH118,C0703ACH118
Grey,Quadrant,C0703,ACH119,C0703ACH119
Grey,Quadrant,C0703,STA120,C0703STA120
Grey,Quadrant,C0703,RDC122,C0703RDC122
Grey,Quadrant,C0703,ACH114,C0703ACH114
Grey,Quadrant,C0703,STA115,C0703STA115
Grey,Quadrant,C0703,RDC117,C0703RDC117
Grey,Quadrant,C0703,BCH116,C0703BCH116
Grey,Quadrant,C0601,ACH018,C0601ACH018
Grey,Quadrant,C0601,ACH019,C0601ACH019
Grey,Quadrant,C0601,STA020,C0601STA020
Grey,Quadrant,C0601,RDC022,C0601RDC022
Grey,Quadrant,C0601,ACH014,C0601ACH014
Grey,Quadrant,C0601,STA015,C0601STA015
Grey,Quadrant,C0601,RDC017,C0601RDC017
Grey,Quadrant,C0601,BCH016,C0601BCH016
Grey,Quadrant,C0603,ACH118,C0603ACH118
Grey,Quadrant,C0603,ACH119,C0603ACH119
Grey,Quadrant,C0603,STA120,C0603STA120
Grey,Quadrant,C0603,RDC122,C0603RDC122
Grey,Quadrant,C0603,ACH114,C0603ACH114
Grey,Quadrant,C0603,STA115,C0603STA115
Grey,Quadrant,C0603,RDC117,C0603RDC117
Grey,Quadrant,C0603,BCH116,C0603BCH116
Grey,Quadrant,C1401,ACH018,C1401ACH018
Grey,Quadrant,C1401,ACH019,C1401ACH019
Grey,Quadrant,C1401,STA020,C1401STA020
Grey,Quadrant,C1401,RDC022,C1401RDC022
Grey,Quadrant,C1401,ACH014,C1401ACH014
Grey,Quadrant,C1401,STA015,C1401STA015
Grey,Quadrant,C1401,RDC017,C1401RDC017
Grey,Quadrant,C1401,BCH016,C1401BCH016
Grey,Quadrant,C1403,ACH118,C1403ACH118
Grey,Quadrant,C1403,ACH119,C1403ACH119
Grey,Quadrant,C1403,STA120,C1403STA120
Grey,Quadrant,C1403,RDC122,C1403RDC122
Grey,Quadrant,C1403,ACH114,C1403ACH114
Grey,Quadrant,C1403,STA115,C1403STA115
Grey,Quadrant,C1403,RDC117,C1403RDC117
Grey,Quadrant,C1403,BCH116,C1403BCH116
Grey,Quadrant,C1301,ACH018,C1301ACH018
Grey,Quadrant,C1301,ACH019,C1301ACH019
Grey,Quadrant,C1301,STA020,C1301STA020
Grey,Quadrant,C1301,RDC022,C1301RDC022
Grey,Quadrant,C1301,ACH014,C1301ACH014
Grey,Quadrant,C1301,STA015,C1301STA015
Grey,Quadrant,C1301,RDC017,C1301RDC017
Grey,Quadrant,C1301,BCH016,C1301BCH016
Grey,Quadrant,C1303,ACH118,C1303ACH118
Grey,Quadrant,C1303,ACH119,C1303ACH119
Grey,Quadrant,C1303,STA120,C1303STA120
Grey,Quadrant,C1303,RDC122,C1303RDC122
Grey,Quadrant,C1303,ACH114,C1303ACH114
Grey,Quadrant,C1303,STA115,C1303STA115
Grey,Quadrant,C1303,RDC117,C1303RDC117
Grey,Quadrant,C1303,BCH116,C1303BCH116
Grey,Quadrant,C1201,ACH018,C1201ACH018
Grey,Quadrant,C1201,ACH019,C1201ACH019
Grey,Quadrant,C1201,STA020,C1201STA020
Grey,Quadrant,C1201,RDC022,C1201RDC022
Grey,Quadrant,C1201,ACH014,C1201ACH014
Grey,Quadrant,C1201,STA015,C1201STA015
Grey,Quadrant,C1201,RDC017,C1201RDC017
Grey,Quadrant,C1201,BCH016,C1201BCH016
Grey,Quadrant,C1203,ACH118,C1203ACH118
Grey,Quadrant,C1203,ACH119,C1203ACH119
Grey,Quadrant,C1203,STA120,C1203STA120
Grey,Quadrant,C1203,RDC122,C1203RDC122
Grey,Quadrant,C1203,ACH114,C1203ACH114
Grey,Quadrant,C1203,STA115,C1203STA115
Grey,Quadrant,C1203,RDC117,C1203RDC117
Grey,Quadrant,C1203,BCH116,C1203BCH116
Grey,Quadrant,C1101,ACH018,C1101ACH018
Grey,Quadrant,C1101,ACH019,C1101ACH019
Grey,Quadrant,C1101,STA020,C1101STA020
Grey,Quadrant,C1101,RDC022,C1101RDC022
Grey,Quadrant,C1101,ACH014,C1101ACH014
Grey,Quadrant,C1101,STA015,C1101STA015
Grey,Quadrant,C1101,RDC017,C1101RDC017
Grey,Quadrant,C1101,BCH016,C1101BCH016
Grey,Quadrant,C1103,ACH118,C1103ACH118
Grey,Quadrant,C1103,ACH119,C1103ACH119
Grey,Quadrant,C1103,STA120,C1103STA120
Grey,Quadrant,C1103,RDC122,C1103RDC122
Grey,Quadrant,C1103,ACH114,C1103ACH114
Grey,Quadrant,C1103,STA115,C1103STA115
Grey,Quadrant,C1103,RDC117,C1103RDC117
Grey,Quadrant,C1103,BCH116,C1103BCH116
Grey,Quadrant,C1001,ACH018,C1001ACH018
Grey,Quadrant,C1001,ACH019,C1001ACH019
Grey,Quadrant,C1001,STA020,C1001STA020
Grey,Quadrant,C1001,RDC022,C1001RDC022
Grey,Quadrant,C1001,ACH014,C1001ACH014
Grey,Quadrant,C1001,STA015,C1001STA015
Grey,Quadrant,C1001,RDC017,C1001RDC017
Grey,Quadrant,C1001,BCH016,C1001BCH016
Grey,Quadrant,C1003,ACH118,C1003ACH118
Grey,Quadrant,C1003,ACH119,C1003ACH119
Grey,Quadrant,C1003,STA120,C1003STA120
Grey,Quadrant,C1003,RDC122,C1003RDC122
Grey,Quadrant,C1003,ACH114,C1003ACH114
Grey,Quadrant,C1003,STA115,C1003STA115
Grey,Quadrant,C1003,RDC117,C1003RDC117
Grey,Quadrant,C1003,BCH116,C1003BCH116
Grey,Quadrant,C0501,ACH018,C0501ACH018
Grey,Quadrant,C0501,ACH019,C0501ACH019
Grey,Quadrant,C0501,STA020,C0501STA020
Grey,Quadrant,C0501,RDC022,C0501RDC022
Grey,Quadrant,C0501,ACH014,C0501ACH014
Grey,Quadrant,C0501,STA015,C0501STA015
Grey,Quadrant,C0501,RDC017,C0501RDC017
Grey,Quadrant,C0501,BCH016,C0501BCH016
Grey,Quadrant,C0503,ACH118,C0503ACH118
Grey,Quadrant,C0503,ACH119,C0503ACH119
Grey,Quadrant,C0503,STA120,C0503STA120
Grey,Quadrant,C0503,RDC122,C0503RDC122
Grey,Quadrant,C0503,ACH114,C0503ACH114
Grey,Quadrant,C0503,STA115,C0503STA115
Grey,Quadrant,C0503,RDC117,C0503RDC117
Grey,Quadrant,C0503,BCH116,C0503BCH116
Grey,Quadrant,C0503,BCH116,C0503BCH116
Grey,Quadrant,C0503,ACH114,C0503ACH114
Grey,Quadrant,C0503,STA226,C0503STA226
Grey,Quadrant,C0503,ACH225,C0503ACH225
Grey,Quadrant,C0503,ACH224,C0503ACH224
Grey,Quadrant,C0503,ACH223,C0503ACH223
Grey,Quadrant,C0503,ACH118,C0503ACH118
Grey,Quadrant,C0503,ACH119,C0503ACH119
Grey,Quadrant,C0503,STA211,C0503STA211
Grey,Quadrant,C0503,ACH212,C0503ACH212
Grey,Quadrant,C0503,ACH213,C0503ACH213
Grey,Quadrant,C0503,ACH214,C0503ACH214
Grey,Quadrant,C0503,ACH215,C0503ACH215
Grey,Quadrant,C1003,BCH116,C1003BCH116
Grey,Quadrant,C1003,ACH114,C1003ACH114
Grey,Quadrant,C1003,STA226,C1003STA226
Grey,Quadrant,C1003,ACH225,C1003ACH225
Grey,Quadrant,C1003,ACH224,C1003ACH224
Grey,Quadrant,C1003,ACH223,C1003ACH223
Grey,Quadrant,C1003,ACH118,C1003ACH118
Grey,Quadrant,C1003,ACH119,C1003ACH119
Grey,Quadrant,C1003,STA211,C1003STA211
Grey,Quadrant,C1003,ACH212,C1003ACH212
Grey,Quadrant,C1003,ACH213,C1003ACH213
Grey,Quadrant,C1003,ACH214,C1003ACH214
Grey,Quadrant,C1003,ACH215,C1003ACH215
Grey,Quadrant,C0501,ACH222,C0501ACH222
Grey,Quadrant,C0501,ACH216,C0501ACH216
Grey,Quadrant,C0501,STA217,C0501STA217
Grey,Quadrant,C0501,RDC022,C0501RDC022
Grey,Quadrant,C0501,STA020,C0501STA020
Grey,Quadrant,C0501,ACH018,C0501ACH018
Grey,Quadrant,C0501,ACH019,C0501ACH019
Grey,Quadrant,C0501,RDC202,C0501RDC202
Grey,Quadrant,C0501,STA201,C0501STA201
Grey,Quadrant,C0501,RDC218,C0501RDC218
Grey,Quadrant,C0501,STA218,C0501STA218
Grey,Quadrant,C0501,STA219,C0501STA219
Grey,Quadrant,C0501,RDC220,C0501RDC220
Grey,Quadrant,C0501,RDC017,C0501RDC017
Grey,Quadrant,C1001,ACH222,C1001ACH222
Grey,Quadrant,C1001,ACH216,C1001ACH216
Grey,Quadrant,C1001,STA217,C1001STA217
Grey,Quadrant,C1001,RDC022,C1001RDC022
Grey,Quadrant,C1001,STA020,C1001STA020
Grey,Quadrant,C1001,ACH018,C1001ACH018
Grey,Quadrant,C1001,ACH019,C1001ACH019
Grey,Quadrant,C1001,RDC202,C1001RDC202
Grey,Quadrant,C1001,STA201,C1001STA201
Grey,Quadrant,C1001,RDC218,C1001RDC218
Grey,Quadrant,C1001,STA218,C1001STA218
Grey,Quadrant,C1001,STA219,C1001STA219
Grey,Quadrant,C1001,RDC220,C1001RDC220
Grey,Quadrant,C1001,RDC017,C1001RDC017
Grey,Quadrant,C1001,STA201,C1001STA201
Grey,Quadrant,C1001,RDC202,C1001RDC202
Grey,Quadrant,C1001,RDC204,C1001RDC204
Grey,Quadrant,C1001,STA205,C1001STA205
Grey,Quadrant,C1001,RDC203,C1001RDC203
Grey,Quadrant,C1001,BCH016,C1001BCH016
Grey,Quadrant,C0501,STA201,C0501STA201
Grey,Quadrant,C0601,STA201,C0601STA201
Grey,Quadrant,C0701,STA201,C0701STA201
Grey,Quadrant,C0801,STA201,C0801STA201
Grey,Quadrant,C0901,STA201,C0901STA201
Grey,Quadrant,C1001,STA201,C1001STA201
Grey,Quadrant,C1101,STA201,C1101STA201
Grey,Quadrant,C1201,STA201,C1201STA201
Grey,Quadrant,C1301,STA201,C1301STA201
Grey,Quadrant,C1401,STA201,C1401STA201
Grey,carousel,SCSM01,SCSM01,SCSM01
Grey,carousel,SCSM02,SCSM02,SCSM02
Grey,carousel,SCSM03,SCSM03,SCSM03
Grey,carousel,SCSM04,SCSM04,SCSM04
Grey,carousel,SCSM05,SCSM05,SCSM05
Grey,carousel,SCSM06,SCSM06,SCSM06
Grey,carousel,SCSM07,SCSM07,SCSM07
Grey,carousel,SCSM08,SCSM08,SCSM08
Grey,carousel,SCSM09,SCSM09,SCSM09
Grey,carousel,SCSM10,SCSM10,SCSM10
Grey,carousel,SCSM11,SCSM11,SCSM11
Grey,carousel,SCSM12,SCSM12,SCSM12
Grey,carousel,SCSM13,SCSM13,SCSM13
Grey,carousel,SCSM14,SCSM14,SCSM14
Grey,carousel,SCSM15,SCSM15,SCSM15
Grey,carousel,SCSM16,SCSM16,SCSM16
Grey,carousel,SCSM17,SCSM17,SCSM17
Grey,carousel,SCSM18,SCSM18,SCSM18
Grey,carousel,SCSM19,SCSM19,SCSM19
Grey,carousel,SCSM20,SCSM20,SCSM20
Grey,carousel,SCSM21,SCSM21,SCSM21
Blue,carousel,SCSM22,SCSM22,SCSM22
Blue,Outside,C2301,ACH083,C2301ACH083
Blue,Outside,C2301,ACH090,C2301ACH090
Blue,Outside,C2301,ACH096,C2301ACH096
Blue,Outside,C2301,ACH107,C2301ACH107
Blue,Outside,C2301,ACH127,C2301ACH127
Blue,Outside,C2301,ACH162,C2301ACH162
Blue,Outside,C2301,ACH201,C2301ACH201
Blue,Outside,C2301,ACH210,C2301ACH210
Blue,Outside,C2301,ACH212,C2301ACH212
Blue,Outside,C2301,ACL001,C2301ACL001
Blue,Outside,C2301,ACL021,C2301ACL021
Blue,Outside,C2301,ACL088,C2301ACL088
Blue,Outside,C2301,ACL172,C2301ACL172
Blue,Outside,C2301,ACL174,C2301ACL174
Blue,Outside,C2301,BCH055,C2301BCH055
Blue,Outside,C2301,BCH121,C2301BCH121
Blue,Outside,C2301,BCH209,C2301BCH209
Blue,Outside,C2301,BCH214,C2301BCH214
Blue,Outside,C2301,BCL004,C2301BCL004
Blue,Outside,C2301,BCL089,C2301BCL089
Blue,Outside,C2301,BCL111,C2301BCL111
Blue,Outside,C2301,BCL177,C2301BCL177
Blue,Outside,C2301,BCL181,C2301BCL181
Blue,Outside,C2301,RDC003,C2301RDC003
Blue,Outside,C2301,RDC005,C2301RDC005
Blue,Outside,C2301,RDC025,C2301RDC025
Blue,Outside,C2301,RDC060,C2301RDC060
Blue,Outside,C2301,RDC061,C2301RDC061
Blue,Outside,C2301,RDC065,C2301RDC065
Blue,Outside,C2301,RDC084,C2301RDC084
Blue,Outside,C2301,RDC091,C2301RDC091
Blue,Outside,C2301,RDC097,C2301RDC097
Blue,Outside,C2301,RDC106,C2301RDC106
Blue,Outside,C2301,RDC121,C2301RDC121
Blue,Outside,C2301,RDC124,C2301RDC124
Blue,Outside,C2301,RDC125,C2301RDC125
Blue,Outside,C2301,RDC126,C2301RDC126
Blue,Outside,C2301,RDC161,C2301RDC161
Blue,Outside,C2301,RDC164,C2301RDC164
Blue,Outside,C2301,RDC171,C2301RDC171
Blue,Outside,C2301,RDC173,C2301RDC173
Blue,Outside,C2301,RDC176,C2301RDC176
Blue,Outside,C2301,RDC178,C2301RDC178
Blue,Outside,C2301,RDC182,C2301RDC182
Blue,Outside,C2301,RDC200,C2301RDC200
Blue,Outside,C2301,RDC202,C2301RDC202
Blue,Outside,C2301,RDC203,C2301RDC203
Blue,Outside,C2301,RDC204,C2301RDC204
Blue,Outside,C2301,RDC205,C2301RDC205
Blue,Outside,C2301,RDC206,C2301RDC206
Blue,Outside,C2301,RDC213,C2301RDC213
Blue,Outside,C2301,RDC215,C2301RDC215
Blue,Outside,C2301,STA002,C2301STA002
Blue,Outside,C2301,STA022,C2301STA022
Blue,Outside,C2301,STA062,C2301STA062
Blue,Outside,C2301,STA085,C2301STA085
Blue,Outside,C2301,STA086,C2301STA086
Blue,Outside,C2301,STA087,C2301STA087
Blue,Outside,C2301,STA098,C2301STA098
Blue,Outside,C2301,STA099,C2301STA099
Blue,Outside,C2301,STA108,C2301STA108
Blue,Outside,C2301,STA109,C2301STA109
Blue,Outside,C2301,STA110,C2301STA110
Blue,Outside,C2301,STA123,C2301STA123
Blue,Outside,C2301,STA175,C2301STA175
Blue,Outside,C2301,STA207,C2301STA207
Blue,Outside,C2301,STA211,C2301STA211
Blue,Outside,C2302,ACH009,C2302ACH009
Blue,Outside,C2302,ACH029,C2302ACH029
Blue,Outside,C2302,ACH069,C2302ACH069
Blue,Outside,C2302,ACH094,C2302ACH094
Blue,Outside,C2302,ACH104,C2302ACH104
Blue,Outside,C2302,ACH113,C2302ACH113
Blue,Outside,C2302,ACH216,C2302ACH216
Blue,Outside,C2302,ACH217,C2302ACH217
Blue,Outside,C2302,ACL032,C2302ACL032
Blue,Outside,C2302,ACL072,C2302ACL072
Blue,Outside,C2302,BCL012,C2302BCL012
Blue,Outside,C2302,BCX093,C2302BCX093
Blue,Outside,C2302,BCX103,C2302BCX103
Blue,Outside,C2302,BCX112,C2302BCX112
Blue,Outside,C2302,RDC011,C2302RDC011
Blue,Outside,C2302,RDC013,C2302RDC013
Blue,Outside,C2302,RDC015,C2302RDC015
Blue,Outside,C2302,RDC031,C2302RDC031
Blue,Outside,C2302,RDC034,C2302RDC034
Blue,Outside,C2302,RDC071,C2302RDC071
Blue,Outside,C2302,STA014,C2302STA014
Blue,Outside,C2302,STA033,C2302STA033
Blue,Outside,C2303,ACH035,C2303ACH035
Blue,Outside,C2303,ACH049,C2303ACH049
Blue,Outside,C2303,ACH077,C2303ACH077
Blue,Outside,C2303,ACH079,C2303ACH079
Blue,Outside,C2303,ACH095,C2303ACH095
Blue,Outside,C2303,ACH105,C2303ACH105
Blue,Outside,C2303,ACH117,C2303ACH117
Blue,Outside,C2303,ACH218,C2303ACH218
Blue,Outside,C2303,ACL016,C2303ACL016
Blue,Outside,C2303,ACL036,C2303ACL036
Blue,Outside,C2303,ACL041,C2303ACL041
Blue,Outside,C2303,ACL053,C2303ACL053
Blue,Outside,C2303,ACL131,C2303ACL131
Blue,Outside,C2303,ACL134,C2303ACL134
Blue,Outside,C2303,ACL136,C2303ACL136
Blue,Outside,C2303,ACL138,C2303ACL138
Blue,Outside,C2303,ACL144,C2303ACL144
Blue,Outside,C2303,ACL146,C2303ACL146
Blue,Outside,C2303,ACL148,C2303ACL148
Blue,Outside,C2303,BCH220,C2303BCH220
Blue,Outside,C2303,BCL017,C2303BCL017
Blue,Outside,C2303,BCL018,C2303BCL018
Blue,Outside,C2303,BCL037,C2303BCL037
Blue,Outside,C2303,BCL038,C2303BCL038
Blue,Outside,C2303,BCL039,C2303BCL039
Blue,Outside,C2303,BCL040,C2303BCL040
Blue,Outside,C2303,BCL045,C2303BCL045
Blue,Outside,C2303,BCL046,C2303BCL046
Blue,Outside,C2303,BCL073,C2303BCL073
Blue,Outside,C2303,BCL074,C2303BCL074
Blue,Outside,C2303,BCL075,C2303BCL075
Blue,Outside,C2303,BCL076,C2303BCL076
Blue,Outside,C2303,BCL081,C2303BCL081
Blue,Outside,C2303,BCL151,C2303BCL151
Blue,Outside,C2303,BCL155,C2303BCL155
Blue,Outside,C2303,BCL157,C2303BCL157
Blue,Outside,C2303,RDC043,C2303RDC043
Blue,Outside,C2303,RDC044,C2303RDC044
Blue,Outside,C2303,RDC047,C2303RDC047
Blue,Outside,C2303,RDC051,C2303RDC051
Blue,Outside,C2303,RDC052,C2303RDC052
Blue,Outside,C2303,RDC054,C2303RDC054
Blue,Outside,C2303,RDC082,C2303RDC082
Blue,Outside,C2303,RDC115,C2303RDC115
Blue,Outside,C2303,RDC133,C2303RDC133
Blue,Outside,C2303,RDC135,C2303RDC135
Blue,Outside,C2303,RDC137,C2303RDC137
Blue,Outside,C2303,RDC139,C2303RDC139
Blue,Outside,C2303,RDC141,C2303RDC141
Blue,Outside,C2303,RDC143,C2303RDC143
Blue,Outside,C2303,RDC145,C2303RDC145
Blue,Outside,C2303,RDC147,C2303RDC147
Blue,Outside,C2303,RDC149,C2303RDC149
Blue,Outside,C2303,RDC159,C2303RDC159
Blue,Outside,C2303,RDC191,C2303RDC191
Blue,Outside,C2303,RDC192,C2303RDC192
Blue,Outside,C2303,RDC193,C2303RDC193
Blue,Outside,C2303,RDC194,C2303RDC194
Blue,Outside,C2303,RDC219,C2303RDC219
Blue,Outside,C2303,RDC221,C2303RDC221
Blue,Outside,C2303,STA042,C2303STA042
Blue,Outside,C2303,STA050,C2303STA050
Blue,Outside,C2303,STA080,C2303STA080
Blue,Outside,C2303,STA116,C2303STA116
Blue,Outside,C2303,STA132,C2303STA132
Blue,Outside,C2303,STA142,C2303STA142
Blue,Outside,C2303,STA152,C2303STA152
Blue,Outside,C2303,STA153,C2303STA153
Blue,Outside,C2303,STA154,C2303STA154
Blue,Outside,C2303,STA156,C2303STA156
Blue,Outside,C2303,STA158,C2303STA158
Blue,Outside,C2303,STA160,C2303STA160
Blue,Outside,C2303,STA222,C2303STA222
Blue,Outside,C1501,RDC001,C1501RDC001
Blue,Outside,C1501,BCH002,C1501BCH002
Blue,Outside,C1501,STA040,C1501STA040
Blue,Outside,C1501,ACH003,C1501ACH003
Blue,Outside,C1501,BCL085,C1501BCL085
Blue,Outside,C1501,RDC084,C1501RDC084
Blue,Outside,C1501,ACH083,C1501ACH083
Blue,Outside,C1501,RDC236,C1501RDC236
Blue,Outside,C1501,STA226,C1501STA226
Blue,Outside,C1501,ACH225,C1501ACH225
Blue,Outside,C1501,ACH234,C1501ACH234
Blue,Outside,C1501,RDC233,C1501RDC233
Blue,Outside,C1501,RDC232,C1501RDC232
Blue,Outside,C1501,RDC224,C1501RDC224
Blue,Outside,C1501,BCL231,C1501BCL231
Blue,Outside,C1501,BCL223,C1501BCL223
Blue,Outside,C1501,RLC222,C1501RLC222
Blue,Outside,C1501,STA221,C1501STA221
Blue,Outside,C1501,STA220,C1501STA220
Blue,Outside,C1501,RDC219,C1501RDC219
Blue,Outside,C1501,RDC218,C1501RDC218
Blue,Outside,C1501,ACH216,C1501ACH216
Blue,Outside,C1501,ACH217,C1501ACH217
Blue,Outside,C1501,STA203,C1501STA203
Blue,Outside,C1501,STA204,C1501STA204
Blue,Outside,C1501,STA205,C1501STA205
Blue,Outside,C1501,STA206,C1501STA206
Blue,Outside,C1501,STA207,C1501STA207
Blue,Outside,C1501,STA208,C1501STA208
Blue,Outside,C1501,STA209,C1501STA209
Blue,Outside,C1501,STA210,C1501STA210
Blue,Outside,C1501,STA211,C1501STA211
Blue,Outside,C1501,STA212,C1501STA212
Blue,Outside,C1501,STA213,C1501STA213
Blue,Outside,C1501,STA214,C1501STA214
Blue,Outside,C1501,STA215,C1501STA215
Blue,Outside,C1501,STA079,C1501STA079
Blue,Outside,C1501,ACH202,C1501ACH202
Blue,Outside,C1501,STA078,C1501STA078
Blue,Outside,C1502,ACH044,C1502ACH044
Blue,Outside,C1502,ACL081,C1502ACL081
Blue,Outside,C1502,RDC082,C1502RDC082
Blue,Outside,C1502,STA014,C1502STA014
Blue,Outside,C1502,STA039,C1502STA039
Blue,Outside,C1502,RDC077,C1502RDC077
Blue,Outside,C1502,ACL048,C1502ACL048
Blue,Outside,C1502,BCH049,C1502BCH049
Blue,Outside,C1502,STA046,C1502STA046
Blue,Outside,C1502,ACH045,C1502ACH045
Blue,Outside,C1502,BCL050,C1502BCL050
Blue,Outside,C1502,ACL051,C1502ACL051
Blue,Outside,C1502,RDC053,C1502RDC053
Blue,Outside,C1502,STA052,C1502STA052
Blue,Outside,C1502,STA055,C1502STA055
Blue,Outside,C1502,RDC055,C1502RDC055
Blue,Outside,C1502,ACL056,C1502ACL056
Blue,Outside,C1502,RDC057,C1502RDC057
Blue,Outside,C1502,RDC058,C1502RDC058
Blue,Outside,C1502,STA074,C1502STA074
Blue,Outside,C1502,RDC075,C1502RDC075
Blue,Outside,C1502,ACH076,C1502ACH076
Blue,Outside,C1502,STA246,C1502STA246
Blue,Outside,C1502,ACH073,C1502ACH073
Blue,Outside,C1502,RDC072,C1502RDC072
Blue,Outside,C1502,STA060,C1502STA060
Blue,Outside,C1502,BCH059,C1502BCH059
Blue,Outside,C1502,ACH061,C1502ACH061
Blue,Outside,C1502,RDC062,C1502RDC062
Blue,Outside,C1502,ACL071,C1502ACL071
Blue,Outside,C1502,STA063,C1502STA063
Blue,Outside,C1502,RDC064,C1502RDC064
Blue,Outside,C1502,RDC065,C1502RDC065
Blue,Outside,C1502,ACL069,C1502ACL069
Blue,Outside,C1502,STA238,C1502STA238
Blue,Outside,C1502,RDC070,C1502RDC070
Blue,Outside,C1502,STA038,C1502STA038
Blue,Outside,C1502,ACH004,C1502ACH004
Blue,Outside,C1502,RDC066,C1502RDC066
Blue,Outside,C1502,STA006,C1502STA006
Blue,Outside,C1502,RDC007,C1502RDC007
Blue,Outside,C1502,ACL008,C1502ACL008
Blue,Outside,C1502,BCH009,C1502BCH009
Blue,Outside,C1502,RDC027,C1502RDC027
Blue,Outside,C1502,STA028,C1502STA028
Blue,Outside,C1502,ACL026,C1502ACL026
Blue,Outside,C1502,STA020,C1502STA020
Blue,Outside,C1502,BCH019,C1502BCH019
Blue,Outside,C1502,RDC022,C1502RDC022
Blue,Outside,C1502,ACL031,C1502ACL031
Blue,Outside,C1502,STA023,C1502STA023
Blue,Outside,C1502,RDC025,C1502RDC025
Blue,Outside,C1502,ACL029,C1502ACL029
Blue,Outside,C1502,STA237,C1502STA237
Blue,Outside,C1502,RDC030,C1502RDC030
Blue,Outside,C1502,ACH005,C1502ACH005
Blue,Outside,C1502,BCL010,C1502BCL010
Blue,Outside,C1502,ACL011,C1502ACL011
Blue,Outside,C1502,STA012,C1502STA012
Blue,Outside,C1502,RDC013,C1502RDC013
Blue,Outside,C1502,RDC015,C1502RDC015
Blue,Outside,C1502,ACL016,C1502ACL016
Blue,Outside,C1502,RDC047,C1502RDC047
Blue,Outside,C1502,RDC018,C1502RDC018
Blue,Outside,C1502,ACH033,C1502ACH033
Blue,Outside,C1502,STA034,C1502STA034
Blue,Outside,C1502,RDC035,C1502RDC035
Blue,Outside,C1502,ACH036,C1502ACH036
Blue,Outside,C1502,RDC037,C1502RDC037
Blue,Outside,C1502,STA241,C1502STA241
Blue,Outside,C1502,RDC242,C1502RDC242
Blue,Outside,C1502,RDC247,C1502RDC247
Blue,Outside,C1502,RDC248,C1502RDC248
Blue,Outside,C1502,BCH243,C1502BCH243
Blue,Outside,C1502,RDC249,C1502RDC249
Blue,Outside,C1502,ACH244,C1502ACH244
Blue,Outside,C1502,STA245,C1502STA245
Blue,Outside,C1603,ACL154,C1603ACL154
Blue,Outside,C1603,BCH101,C1603BCH101
Blue,Outside,C1603,BCH161,C1603BCH161
Blue,Outside,C1603,BCH164,C1603BCH164
Blue,Outside,C1603,BCH174,C1603BCH174
Blue,Outside,C1603,BCL013,C1603BCL013
Blue,Outside,C1603,BCL014,C1603BCL014
Blue,Outside,C1603,BCL015,C1603BCL015
Blue,Outside,C1603,BCL016,C1603BCL016
Blue,Outside,C1603,BCL018,C1603BCL018
Blue,Outside,C1603,BCL036,C1603BCL036
Blue,Outside,C1603,BCL037,C1603BCL037
Blue,Outside,C1603,BCL053,C1603BCL053
Blue,Outside,C1603,BCL054,C1603BCL054
Blue,Outside,C1603,BCL055,C1603BCL055
Blue,Outside,C1603,BCL056,C1603BCL056
Blue,Outside,C1603,BCL057,C1603BCL057
Blue,Outside,C1603,BCL059,C1603BCL059
Blue,Outside,C1603,BCL076,C1603BCL076
Blue,Outside,C1603,BCL077,C1603BCL077
Blue,Outside,C1603,BCL096,C1603BCL096
Blue,Outside,C1603,BCL097,C1603BCL097
Blue,Outside,C1603,BCL098,C1603BCL098
Blue,Outside,C1603,BCL099,C1603BCL099
Blue,Outside,C1603,BCL105,C1603BCL105
Blue,Outside,C1603,BCL126,C1603BCL126
Blue,Outside,C1603,BCL127,C1603BCL127
Blue,Outside,C1603,BCL132,C1603BCL132
Blue,Outside,C1603,BCL141,C1603BCL141
Blue,Outside,C1603,BCL151,C1603BCL151
Blue,Outside,C1603,BCL153,C1603BCL153
Blue,Outside,C1603,BCL171,C1603BCL171
Blue,Outside,C1603,RDC012,C1603RDC012
Blue,Outside,C1603,RDC035,C1603RDC035
Blue,Outside,C1603,RDC058,C1603RDC058
Blue,Outside,C1603,RDC095,C1603RDC095
Blue,Outside,C1603,RDC102,C1603RDC102
Blue,Outside,C1603,RDC104,C1603RDC104
Blue,Outside,C1603,RDC125,C1603RDC125
Blue,Outside,C1603,RDC133,C1603RDC133
Blue,Outside,C1603,RDC135,C1603RDC135
Blue,Outside,C1603,RDC143,C1603RDC143
Blue,Outside,C1603,RDC145,C1603RDC145
Blue,Outside,C1603,RDC152,C1603RDC152
Blue,Outside,C1603,RDC157,C1603RDC157
Blue,Outside,C1603,RDC162,C1603RDC162
Blue,Outside,C1603,RDC163,C1603RDC163
Blue,Outside,C1603,RDC172,C1603RDC172
Blue,Outside,C1603,RDC173,C1603RDC173
Blue,Outside,C1603,RDC254,C1603RDC254
Blue,Outside,C1603,STA103,C1603STA103
Blue,Outside,C1603,STA134,C1603STA134
Blue,Outside,C1603,STA144,C1603STA144
Blue,Outside,C1603,STA155,C1603STA155
Blue,Outside,C1603,STA253,C1603STA253
Blue,ECB,C17,C17,C17
